,0
0,디즈니!디즈니!디즈니!디즈니! 디즈니!디즈니!디즈니!디즈니! 디즈니!디즈니!디즈니!디즈니! 디즈니!디즈니!디즈니!디즈니! 디즈니!디즈니!디즈니!디즈니! 디즈니!디즈니!디즈니!디즈니! 디즈니!디즈니!디즈니!디즈니! 디즈니!디즈니!디즈니!디즈니! 디즈니!디즈니!디즈니!디즈니! 디즈니!디즈니! 디즈니!디즈니!디즈니!디즈니! 디즈니!디즈니!디즈니!디즈니! 디즈니!디즈니!디즈니!디즈니! 디즈니!디즈니!디즈니!디즈니!디즈니!디즈니! 디즈니!디즈니!디즈니!디즈니! 디즈니!디즈니! 디즈니!디즈니!디즈니!디즈니! 디즈니!디즈니!디즈니!디즈니! 디즈니!디즈니!디즈니!디즈니! 디즈니!디즈니!디즈니!디즈니!디즈니!디즈니! 디즈니!디즈니!디즈니!디즈니! 디즈니!디즈니!디즈니!디즈니! 디즈니!디즈니!디즈니!디즈니! 디즈니!디즈니!디즈니!디즈니! 디즈니!디즈니!디즈니!디즈니! 디즈니!디즈니!디즈니!디즈니! 디즈니!디즈니!디즈니!디즈니! 디즈니!디즈니!디즈니!디즈니! 디즈니!디즈니!디즈니!디즈니! 디즈니!디즈니! 디즈니! 디즈니!디즈니!디즈니!디즈니! 디즈니!디즈니!디즈니!디즈니! 디즈니!디즈니!디즈니!디즈니! 디즈니!디즈니!디즈니!디즈니! 디즈니!디즈니!디즈니!디즈니! 디즈니!디즈니!디즈니!디즈니! 디즈니!디즈니!디즈니!디즈니! 디즈니!디즈니!디즈니!디즈니! 디즈니!디즈니!디즈니!디즈니! 디즈니! 디즈니!디즈니!디즈니!디즈니! 디즈니!디즈니!디즈니!디즈니! 디즈니!디즈니!디즈니!디즈니! 디즈니!디즈니!디즈니!디즈니! 디즈니!디즈니!디즈니!디즈니! 디즈니!디즈니!디즈니!디즈니! 디즈니!디즈니!디즈니!디즈니! 디즈니!디즈니!디즈니!디즈니! 디즈니!디즈니!디즈니!디즈니! 디즈니!디즈니! 디즈니!디즈니!디즈니!디즈니! 디즈니!디즈니!디즈니!디즈니! 디즈니!디즈니!디즈니!디즈니! 디즈니!디즈니!디즈니!디즈니!디즈니!디즈니! 디즈니!디즈니!디즈니!디즈니! 디즈니!디즈니! 디즈니!디즈니!디즈니!디즈니! 디즈니!디즈니!디즈니!디즈니! 디즈니!디즈니!디즈니!디즈니! 디즈니!디즈니!디즈니!디즈니!디즈니!디즈니!디즈니 디즈니!디즈니!디즈니!디즈니! 디즈니!디즈니!디즈니!디즈니! 디즈니!디즈니!디즈니!디즈니! 디즈니!디즈니!디즈니!디즈니!디즈니!디즈니! 디즈니!디즈니!디즈니!디즈니! 디즈니!디즈니! 디즈니!디즈니!디즈니!디즈니! 디즈니!디즈니!디즈니!디즈니! 디즈니!디즈니!디즈니!디즈니! 디즈니!디즈니!디즈니!디즈니!디즈니!디즈니!디즈니!디즈니!디즈니! 디즈니!디즈니!디즈니!디즈니! 디즈니!디즈니!디즈니!디즈니! 디즈니!디즈니!디즈니!디즈니!디즈니!디즈니! 디즈니!디즈니!디즈니!디즈니! 디즈니!디즈니! 디즈니!디즈니!디즈니!디즈니! 디즈니!디즈니!디즈니!디즈니! 디즈니!디즈니!디즈니!디즈니! 디즈니!디즈니!디즈니!디즈니!디즈니!디즈니!디즈니
1,결제방법이 휴대폰 결제 밖에 없나요?..
2,결제까지 다 했는데 무한로딩 걸려서 다음 단계로 안넘어가요..
3,1월31일이랑 7월31일은 언제 추가해줄껀가요?? 상담원은 전화가 아예 되질 않고..
4,고객센터 연결좀 되게 해주세요
5,문의 사항은 제목과 같습니다.
6,너무 좋음 근데 앱이 쓰레기같음 오늘 오류만 5번에 3번 삭제했다가 다시 까는 중
7,구독은 했는데 설치가 안됩니다..
8,결제된 계정으로 로그인했는데 왜 로그인이 안되나요 ㅜ
9,로켓배송 쓰는 겸에 따라오는 덤 치고 영상 라인업이 상당히 좋음 로켓배송 없이 이것만 월 2900원에 팔아도 혜자 소리 들을듯
10,결제를 잘못해서 고객센터에 문의하였더니 친절하게 1부터10까지 알려주고 해결해주심 디즈니 진짜 감사합니다 무한한 감사 평생 이용할께요!!
11,통화 중에 재생 불가. 친구랑 전화하면서 못 봄
12,환불처리 빨리 해주세요~
13,결제를하지않고서는 뭐가있는지 볼수도없네...
14,구독 취소 했는데 99000원 언제 들어오나요 빨리 좀 보내주세요
15,쓰레기. 기업. 디즈니
16,"결제는 완료되었는데 왜 아직도 구독하라고 뜸?
어처구니가 없네
환불해주던지 구독완료처리를 하세요.
한번 써보려고했는데 완전 최악이네."
17,결재 했는데 액세스 권한 없다고 인증을 못하고 있네요 환불해 주세요
18,아니 사이트에서는 앱으로 가라하고 앱은 사이트로 가라하 에라이
19,어플로 영상 재생하는데 5분마다 자꾸 자동으로 나가져요
20,멤버쉽 가입에서 뒤로 안넘어가네요
21,결제해서 잘 쓰고있습니다. 소니도 추가해주면 좋을것같네요
22,결제 전에도 검색이 가능하게 되었으면 좋겠습니다. 뭐가 있는지 알아야 결제를 하니까요. 뭐가 있든 간에 일단 결제부터 하라는건 좀.. 부담스럽네요ㅎㅎ
23,쓰레기수준의 앱
24,탈퇴 메뉴얼좀 만들어주세요
25,환불 요청했더니 하루 기다려서 온 답변이 환불 불가..ㅋㅋㅋ 48시간 지나서 환불 요청했나 비번 잃어버렸는데 비번 찾지도 못하고 사용을 못하는데 환불을 안해주면 어떡합니까. 넷플릭스 만으로도 충분해요. 영어 못하는 제가 들어도 번역 이상한거 진짜 많고요. 볼건 진짜 없어요ㅡ
26,고객센터는 코로나로 인해 전화 받지 않고 1:1 문의는 필수 파라미터 누락이라며 글이 써지지 않는데 어떻게 해야 하나요?
27,마블 덕후로서 너무너무 좋은데요ㅠㅠ 다른앱들과 비교했을때 눈에 띄는 불편한점이 두 가지 있어요! 앱 자체에서 화면밝기 조정이 가능했으면 좋겠고 화면잠금기능도 있으면 더 편리하게 이용 가능할 것 같아요ㅎㅎ
28,"너무 만족하지만 가끔씩 자막 싱크가 안맞네요.
얼른 개선해주셨으면 하고 뉴스 기사에는 위대한 쇼맨도 나온다더니 왜 없나요ㅠ"
29,사기 결제앱.. 시청 안됨
30,환불해주세요 구글 디즈니 서로 권한없다 떠넘김
31,계정관리 할때 핀번호가 안먹히네요.. 답답해서 포기~~ 하나하나 수정해 가시겠죠? 오류 수정 부탁드려요
32,구글 번역기 돌려서 자막 넣는 듯. 한편 보는데 출연진들 이름 표기가 계속 바뀜. 마조리 마저리 이러질 않나ㅡ 마쁘띠 마프띠 마쁘티 마트프띠 이러고 ㅜ ㅜ
33,"결제하고 다른걸로 다시 결제해서 환불 해달라고 했더니 환불 안해준대요,, 연간으로 끊은건데 10만원돈 되는거 날렸네요ㅠ 미친거 아니냐고 왜 환불 안해줌?"
34,결제 단계에서 오류가 자꾸 뜨네요. 카드정보 입력해도 계좌정보 입력해도 다안되네요 ㅋ
35,구독취소 하고싶고 분명 가능하다고 했는데 구글 플레이에서 결제했으니까 구글에 문의하래서 문의했더니 취소 못해준다는 자동메일같은게 왔어요.. 어쩌라는거죠ㅠ 1년구독 일주일밖에 안지났는데 환불안되는거 너무 가혹합니다
36,요금 개비싸게 받네 미친
37,업뎃후 초기화묜에서 안 넘어감 돈내놔라 이놈드라
38,가격 인상
39,너네 월급 구글 포인트로 받아라
40,개별구매좀 풀어주세요.그러면 진짜 좋을것같아요
41,"해지하려다 코인? 준다고 떠서 눌렀는데 갑자기 코인 만료 전까지 해지 못한다고 뜨고,,;; 페이에 돈없는데 어디서 빠져나갈련지 걱정이네요 경고문? 그거는 조금 더 일찍 더 크게 알려줘야하는거아닌가.."
42,금액인상으로 구독취소갑니다
43,"아니 어플 렉 왜이래요?
무슨 클릭 한번에 15초 이상씩 기다려야 
로딩이 다 되질 않나 더빙에서 영어로 바꾸면 거의 20초간 로딩중이질 않나 
어플 관리 이따구로 하실거에요? 
개선 좀 빨리 해주셔야할듯;"
44,"넷플이랑 푹(웨이브)이랑 둘다 5년 넘게 유료 가입 중인데 웨이브만 거의 매일 사용하고 있네요.

티비엔, 엠넷, JTBC 없는 게 정말 아쉽지만, 그래도 거의 매일 잘 쓰고 있습니다!!

넷플은 ‘다음에 봐야지’라고 생각만 하고 실제로 시청은 거의 안 하게 되더라고요. 오징어게임은 너무 재밌게 봤음"
45,"진짜 별 한개도 아깝네요. Ui는 쓰레기고 오늘 갑자기 먹통이고, 껏다켜도 안되고. 짜증나네요"
46,"구글 번역기를 돌린듯한 번역, 가끔 로딩 걸리다가 저절로 꺼지는 앱."
47,가격은오르고 재미는없고 그만봐야겠다
48,처음에 돈없이 제공되는게 돈처벌어먹으려고 죄다 유료로 바꾸는 쓰레기^^
49,금액 X 같아여
50,카드에선 결재까지 끝낫는대 먼계속 가입마무리단계 거치라는 소리만하고 어제결제하고 여태 돈만날리고 못보는중 머가이따구인가요?
51,유효해요
52,"해지 방법도제대로 명시되어있지않고, 해지요청해도 결제가됨. 그딴식으로돈벌어먹으면 기분이매우좋으신가봐요. 다시는이용안함. 이거말고 다른거사용하세요.최악입니다"
53,카카오뱅크로 넷플이나 타 어플도 결제중인데 결제의 폭이 넓어지면 좋겠어요 ㅠ 농협이 있어서 결제후 잘 보고있습니다.
54,아 네이버 가입하고 다시 3000원결재해서 베이직 요금제햇는데도 계속 결제하라고 하네요 술꾼 보려하는데요
55,보는 중간중간 버퍼가 생기는데...왜 그러는거죠ㅜㅅㅜ
56,결재 안하면 들어가지도 못하구만?
57,볼게없어요 무료이벤트라 설치했는데 들어가질 않아요
58,"가격 이정도 하고 이정도면 괜찮아요.
다만 다음 편으로 넘어갈때 자막 계속 다시 설정해야하는 오류 고쳐주세요"
59,환불해주시죠 지금 한달동안 최소 1주일이상 연결불가로 시청을 못하고있는데 돈 받아놓고 뭐하는 건가요 이게. 관리 똑바로 해주시고 환불이 불가능하더라도 1주일 이상 앱 사용 못한 것에 대한 보상은 확실하게 해주세요.
60,쓰레기같은앱이다.준비도 안하고 서비스개통한게 디즈니 주식 꼬라박는 이유를 알겠다.
61,결제가 두번 됩니다. 구글 플레이스토어에서 한번 결제되고 티비랑 계정 연결하면서 결제가 한번 더 진행됬는데 어떻게 해결하나요
62,"연간멤버십 가입했는데
구독 취소 하고 싶습니다
(구독취소시에도 내년까지 구독해야
한다는 내용으로 확인이 됩니다.)"
63,가격 때문애 너쩌구 하는놈들 소직히 ㄸㄹㅇ 임
64,결제하고 이용하는 서비스에 왜계속 오류뜨는거임? 어떻게 보상할건데요
65,너무 쓰레기를 만들었어 내돈 9900 환불 시켜라
66,개별구매는 왜 있는거야!! 이럴거면 가입은 왜 돈주고 하는건지!!! 쓰레기임! 바로삭제 들어간다!
67,결제복구 안되는데 어떻게 된거에요 일 안해요? (오류코드4)
68,이거 진짜 불편한건데 여태 개선을 안해주는 이유도 모르겠고. 영상 초중반까지는 하단에 다음화 넘기기 버튼이 떠있는데 막상 영상 끝날때쯤 되면 자동으로 사라져버림.
69,"티빙 너무너무 좋고 정말 최고의 플랫폼인데
IOS는 구독하기에 왜 베이직 결제권밖에없는지ㅠㅠㅠㅠㅠㅠㅠ제발 스탠다드로 업그레이드하게해주세어여...."
70,가격 손절ㅋㅋ 디즈니로 갈아타요 번창하세요
71,계정삭제 하려고 하면 계속문제가 있다고 최악이다
72,구독취소하는걸 까먹었습니다 환불 좀 해주세요
73,와 어플진짜 쓰레기네
74,리뷰가 삭제되는건줄 알았더니 그건또 아닌거같고 이상하네요 다른앱들은 리뷰하면 내가쓴 리뷰 라도뜨는데 여기는 몇시간만 지나면 또 리뷰하기가 생겨있고... 뭐가 문제인지모르것네용
75,해지를 했는데도 자꾸 돈이 나가는 이유는 무엇인가요?
76,"가격대비  너무  혜자네요 ㅠㅠ
무료배송에 ott서비스까지  ㅠㅠ  넘  좋습니다
ㄷ혹시   애플tv 지원할  계획이신지요 ㅠㅠ  좀더  넓은  화면으로  보고  싶네요  ㅋ"
77,설강화 방영 및 제작지원 철회 하세요. 디즈니 아웃 디즈니 아웃
78,구독을 쳐했는데 다른 기기로 접속하니까 구독 안된걸로 되있네요 앱 제대로 처만드세여
79,ㅡㅡ 갤탭7쓰는데 가로모드가 안되요 돈주고 정상적인 어플을 만들랬더니 돈 받고도 쓰레기를 만드네 정신나갔네 양심이라도 있어라 돈 받아 먹으면
80,저렴해서 좋네요 넷플릭스 끊고 쿠팡플레이 구독
81,해지가 잘안됨.넷플은 바로 해지되는데 디플은 그달다봐야함 ㅡㅡ
82,자꾸 강제종료 되거나 제대로 재생 되지 않는 문제 흐름 끊기고 어이 없음 프리미엄 요금제인데... 타 경쟁사랑 비교 했을 때 어플이 너무 후짐...
83,정기결제 구독했는데 광고가 나오네요. 그리고 구독해도 영화는 따로 결제하는 게 많아서 별로네요
84,구독자인걸 창피하게 만들어줘서 고맙다 여러분들아 한국에서 오게임 같은 대박을 꿈꾸며 투자를 할려면 좀 제대로 하든가 하는거 마다 뻥볼이면 디즈니 컨텐츠가 넘쳐나도 뭔 소용이겠냐 갠적으로 삼개월 공짜로 이용하는 애쁠티비가 더 낫더라 돈을 냈으니 보기는 한다만 이제 누구한테 구독한다고 자랑하겠냐 인간 사는 재미가 자랑이 반인데 설강화 따위나 만들어서 배포하고 있고 일하는 폼이 그냥 그렇다 너네
85,뷰잉과 핸드폰 연결해서 잘보고있습니다. 다만 다음편으로 이어보기부분이 지원되지않아 매화마지막에서 내가몇편보고잇엇는지 확인후 돌아가기해서 다음화를 틀어야 되는부분이 불편하며 다른 웨이브 티비연결 같은경우 배속으로시청하기가 가능하나 티빙 티비에연결해서 보는거는 배속시청이 안되는 부분이 불편하네요 티빙어플은되는데 ㅜㅜ 개선되었으면좋겟어요
86,"갓성비, 아쉬운 부분이 약간 있지만 쿠팡이용자 입장에선 최고의 혜택"
87,가격은 프리미엄이라고 비싸게 받는데 화질은 왜자꾸 마음대로 낮아지는지;; 할 수 있는 모든 설정 다 해놔도 낮아져서... 다음달부터 끊으려구요.
88,정기결제 취소 어떻게하나요
89,요청이 많아서 로그인이 안된다는데 어쩌라고요
90,구글 계정로그인 안되는게아쉬워요
91,쿠팡이용자로서ㅎㅎ 이런혜택도있구 너무좋아요 너무잘보고있어요!! 감사합니다:)
92,구독을 해야만 볼 수 있는 건가요? 3단계 완료 누르면 계속 구독하라는 창만 뜨네요. 결제를 반드시 해야하는건가요?
93,"구글 환불 정책 뒤에 숨어서 연간 구독 환불안하고 있는데, 한국소비자원 통해 피해 구제 요청하도록 하겠습니다"
94,분명 자동결제 해지했던걸로 기억하는데 자동으로 결제됨..
95,정기결제 종류가 좀 다양하면 좋겠네요 자주 보지않는 사람들이 대부분일텐데 한달에 볼수있는 갯수가 정해져 있고 가격이 더 저렴하면 좋겠어요
96,티빙 베이직을 결제했다가 바로 스탠다드로 옵션 변경했는데 베이직 결제한 건 환불 되나요?
97,SK 고객인데 VIP인데도 별로 혜택도 없고 볼려고하면 개별구매해야하고 약정으로 핸놔도 돈이 더 드니 별로 보고싶지 않아져요ㅠ정기 결제 해지했어요 ㅠㅠ 나빠여 힝
98,구글티비에서 어플이 없다니…… 이건 개선을 좀 하셔야 하지 않을까요? 내용물도 좋고 유료결제해서 보고 있는데 구글티비에 어플이 없어서 별점 깍습니다ㅜㅜ 제발 출시좀….
99,가격 올릴거면 900원으로 떨어지게 해주세요 더모아 카드 혜택이라도 좀 빡세게 받아봅시다
100,정기결재 하고 보는데 렉이 왜 이렇게 심하죠오어어엉ㅠㅜㅜㅜㅜㅜㅜ 재밌는거 많은데 고해상도로 막힘없이 보고싶어요😭😭😭
101,결제했는데 계속 가입을 마치라는 화면만띄워놓고 아무것도 안되요
102,"가격이랑 서비스 다 만족스러운데 키보드 지원 안되는 것만 아쉽네요
꼭 검토 부탁드려요!"
103,환불은 안되고 이용만 못하게 해놨어요 ㅠ 환불을 해주시던지 약정기간동안 보게해주세던지 해주세여
104,베이직 사용하고 있는데요 왜 똑같은 영화를 tv용 티빙에서는 스탠다드나 프리미엄 버전으로만 볼 수 있는건가요? 그리고 미러링에서 자꾸 저희 티비는 사라지고 뭔지 모를 기기만 자꾸 뜨네요 왜 그런걸까요
105,결제 취소 좀 하게해주세요. 무슨 오류인지 모르겠는데 어떤 방법을 써도 구독 취소를 할수 없네요. 직접 고객센터에 컴플레인을 넣어야하는지..하...
106,개별구매는 또 뭐고... ㅠㅠ월간 이용권 왜 구매했는지.... 에효... 개별 구매.... 너무하네... ㅠㅠㅠㅠ 개별구매 말고는 다 좋아요
107,가격올릴게아니라 미러링되다가 해지 한벙하면 계속 비활성화되요 해결방법없나요 faq도 뭐별거없고
108,12월 27일부터 1월 26일까지 베이직으로 구매해서 7900원 냈는데 처음에 신서유기만 보고 아무것도 못 봤어요 처음엔 괜찮다가 이틀째 다른 건 로딩 때문에 아예 못 보고 있는데 돈 주고 제가 스트레스를 왜 받아야 하나요 누군가 열심히 제작한 영상들을 보고자 돈을 낸 건데 다른 것보다 다른 리뷰에서 말하는 것처럼 오류를 고치는 게 우선인 것 같아요 하루빨리 해결되길 바라요 + 다른 리뷰읽어보고 1:1 문의는 이미 남겼습니다
109,가격대비 진짜 좋음 넷플하기 잘한거 같음
110,결제했는데 실행이 안됨.
111,카카오 선물하기 받은 쿠폰 핀번호입력하고 쿠폰함에서 등록을 못했는데요 화면이탈하면 쿠폰함 진입이 안되게 만들어 놓으면 어떡하나요 다시 그 핀번호 입력하면 이미 입력되었다고 나오는데ㅠ 앱에서라도 쿠폰함 확인이 되어야죠 ㅠ 사용을 못하잖아요
112,"이제 죽거나 노인이 된 그들이지만 영상속의 이들은 반짝이는 별들이다.유머와 천재적 감성으로 무장한 별들은 그들의 마지막을 직감하고 최선을 다해 연주하고 녹음한다.새로운 영상을 접하는것 만으로도 귀한 일인데,이들과 같은 공간에서 호흡하는 경험을 재공한 제작자에게 깊은 감사를 전한다.인생의 또 다른 느낌표가 진하게 찍혔다."
113,"구독했다가 아무것도 시청하지않고 자꾸 튕기고 로그인하는데
불편함을 겪어 구독취소를 했는대
결제로 넘어가서 요금이 청구가 되는지 확인이 어렵네요 청구된다면 환불 부탁드려요"
114,구독취소좀 해주세요 제발 ㅜㅜ 아무리 찾아도 취소가 안나와ㅜㅜㅜ
115,구독취소를 했는데 알아서 결제 돼서 3900원이 빠져나갔어요. 할 수 없이 한달정도 이용해보기로 했는데 티비로 시청하려하니 이용권을 구매하라고 뜨네요...? 그럼 제가 구매당한 베이직 이용권은 뭐에 쓸 수 있는건가요?
116,고객센터 어딘가요? 그리고 자막에서 문장 앞에 '고' 가 붙어있는경우들이 있ㅇ어요 중긴에 깨지는문자가 있는경우도 있고. 이렇게된거 청와대로 간다 5화
117,정기 결제 취소되서 카드에 돈을 넣어서 결제를 해도 안되네요
118,개쓰레기
119,구독 취소 겁나 어렵네 ㅉ
120,결제수단에 카카오페이 되게 해주세요.. 결제수단이 넘 진입장벽임. 젊은층들은 귀찮은 거 싫어해여
121,다음회차 넘어가기가 너무 번거롭고 찜 해놓은 작품 찿기도 불편해요. 그리고 자막이 신경 안쓴 티가 많이 납니다.
122,멤버쉽 취소하기 드럽게 어렵게 해두셨네요. 아직도 취소를 못하고 있는데... 중국인이 만든어플보다 못한거 같아요. 그냥 넷플 갈아타고 싶은데 멤버쉽 취소도 못하고 억울하게 돈내야할까요?
123,기간만료라고떠서 앱지우고 다운받으려는데 다운도 안되고 ;; 유료인데 뭐 이런경우가
124,사용하지도 않은 요금제 부과 바꾸지도 않은 요금제로 변경... 정말 바꾼적이 없는데...억울 자기들 전산상 오류일 수는 절대 절대 없다고만 대답... 오잉?? 어르신계정으로 가입 그렇다면 전산오류 아니라면 고지? 어르신께 요금제 변경내용도 고지하지않고 결제도 그 뒷날 차액결제가 됐음 일찍 알아 바로 대처했을텐데... 그게 아닌 일수계산으로 9500원치 프리미엄시청... ㅎㅎ 베이직인줄알고 18일동안 시청 다음 결제일 계산으로 프리미엄이라며 결제... 그제야 알고선 문의하니 결제해야한다는... 정말 어르신이 몰랐다고 티비한대로만 봤다고해도... 안된다함... ㅎㅎ 18일만 봤네ㅎ 그거 그냥 맛있는 거 사먹었다 생각하고 넘어가도 되는데 대처가 너무 어이없음... 무조건 안됨... 결국 안됨... 고객님을 이해한데... 이해는 하지만 아무것도 해드릴수 없데... ㅎㅎ 베이직으로 그냥 날짜 원래대로 복구해달라는데도 안됨 ㅎㅎ 그래 어르신 딴 거 디즈니신청해드림~ 완전 좋아하심~♡
125,분명 카드도 삭제 시키고 탈퇴까지 했는데 왜 결제가 된건가요?
126,구글결제는 15%할인이고 디즈니홈페이지 가입은 10개월+2개월무료 라네요. 구글은 결제 부분이 더티하네요
127,"구독21/12/17일 만료인데 방금 돈 나갔습니다..
환불해주세요!"
128,"연결이 문제고 자시고 우측 상단에 미러링 버튼이 아예 없어졌네요?
 전에 잘사용했는데 뭐가 문제인지요??
애플기기만 의도적으로 없엔건지??"
129,구독 취소 불편하게 만들어져 있어서 굳이 평점달러 왔어요^^
130,"안녕하세요!! 저는 미국 유학생인데요, 한국에 계시는 부모님께서 티빙 계정이 있어서 미국에서도 보려고 로그인을 했는데, 미국에서는 지원이 안된다고 하네요…진짜 보고싶은거 티빙에 다 있어서 진짜 진짜 설레했는데 혹시 미국 진출 안될까요..? 진짜 간곡히 부탁드립니다ㅠㅠ"
131,결제 다 했는데 왜자꾸 결제하라는 창이 뜨나요? :/
132,하려면 어떻게 해야 합니까?!
133,이거 월정액 결제한거 취소 어떻게 하나요?
134,결제 취소를 했는데 계속 돈이 나가요...
135,가격이 터무니없이 올라서 요번까지만하고 자동결제 취소합니다
136,아니 프리미엄 내고 보는데 개별 구매가 왜 있나요... 월에 만원정도 내는데 개별구매는 너무한거 아닙니까
137,결제할라고 로그인하니까 한동안 계속 흰바탕만 나오고 본화면이 나오지않네요 왜그런건가요 넷플릭스 보고싶은데 나오지가 않으니까 답답하네요
138,해지도 안되고 뭐이럼?
139,해지 할려는데 왜 자꾸 플레이 스토어 뜨고 구독하기 만 뜨죠? 멥버십 화면이 안뜹니다
140,"이용권을 베이직을 결제하고 스탠다드로 변경하였는데 
두번다 결제가 되었는데 
베이직은 취소가 안되나요? 
취소 확인 부탁드려요 ㅠㅠ"
141,좋은말할때 환불해놔라!그넘의 카타르가 머라고? 프리미엄까지 결제했는데 안나오냐? 본거없으니 당장환불해라
142,아니 갑자기 로그인이 안되는게 말이 된다고 생각하십니까? 이 앱도 결제하고 돈내고 보는데 왜 갑자기 로그인이 아예 안될까요? 혹시나 잘못 입력했나싶어 수십번을 다시 치고 또 쳤습니다. 이것 참 문제라고 생각합니다 이런 오류는 없게 하셨어야 하는거 아닙니까? 덕분에 보던것도 못보게 생겼네요 이것 좀 빠른 시일내에 고치세요
143,자녀보호기능 때문에 설치가 안되서 해지했는데도 설치가 안되네요?
144,상담사로부터 구독 취소에 대한 잘못된 안내를 받고 구독 취소를 하였는데 결제 취소까지 됐습니다. 그에 따라 할인 받던 내역이 사라졌으며 손해가 발생했고 이에 대해 보상을 요청하는 바입니다.
145,해지없음
146,결제방식이 너무 구시대적입니다... 이렇게 귀찮은 결제방식 정말 오랜만에 봅니다 결제하다가 귀찮아서 하기싫어질정도에요..
147,가격만 올리면 누가 보겠냐
148,"결제는됬는데 왜 로그인하려고하면 다시 회원가입하라하고,결제가 안된걸로 나옵니까"
149,개별구매로 판매하는 상품은 타웹에선 공짜입니다 한달이용료 했을때 타상품이 유용합니다ㆍ볼프로가 없고 볼만한건 제다 개별구매니 메리트가 없습니다
150,결제까지했는데 ㅡㅡ 안들어가져요 ㅡㅡ
151,구글 추가 백업 결제가 안됨. 거부됨.
152,저도 프리미엄인데 왜 화질이 깨지나요
153,연락은 안되고 해지 한번하기가 드럽게 힘드네요
154,왜 자꾸 결제가 되지않는거죠? 모든 방식을 다썼는데도 안되네요 구글 비번쳐도 틀렸다고나오고 비번찾기로 비번도 바꿨는데도 아니라고 뜨고
155,혹시 스탠다드로 가입하게돼면 저포함 2명까지볼수있는건가요? 프리미엄은 저포함 4명까지구요? 그리구 여자친구랑 친구랑 같이이용할수있나요ㅡ한집에 안살아도요?
156,해지는 겁나어렵게해놨네ㅡㅡ 기어코 하는방법알아내서 해지함ㅡㅡ
157,해지한지 좀 되고 탈퇴하고싶어서 메일을 보냈는데도 탈퇴가 아직 안됐는데 빨리 하고싶은데요 빠른 처리 부탁드립니다.
158,상담 강아지같네 지들 앱에 문제 없다고 하네 딱봐도 앱문제인데 구독 취소 고려 해야할듯 오류때문에 폰바꾸는거 애바인듯
159,결재 아니면..ㅠ
160,고객센터 대응 최악
161,"시스템 오류가 잦고 자막은 오타, 맞춤법, 깨짐, 오역 등이 심한 수준입니다.. 재생 시스템도 불편해요"
162,두달사용하고 해지했는데 그태로1년동안 핸드폰으로 요금 14500원 빠져나갔어요 문의했더니 돌려주지도않고 ᆢ완전사기꾼들ᆢ핸드폰으로 영화보고 분명 핸드폰으로. 해지했는데. 그대로 해지않해주고. 계속 핸폰요금제로. 돈이나간거에요 절대그냥해지하지말고 꼭 전화해서. 해지하세요 할말 없으니까 이메일에서 해지했냐고 딴말해요 ᆢ미쳐 완전사기꾼들이고. ㆍ도둑소굴이에요 절대 이런곳에서 영화 봐주지마세요 외국돈벌게해주는거에요
163,정기결제 내역은 네이버에서 확인됐는데 12시 이후로 티빙에서는 이용권이없다고 이용이안되네요. 빨리해결해주세요.
164,구글티비박스 애트모스 지원 언제되나요?
165,취소놨는데 자동결제는 왜 되는거냐
166,웨이브 개 불편하네 티비로 영상 보려고 하는데 가운ㄷㅔ 동그라미 계속 돌아가네..;;
167,ㅇ흐레기
168,설강화 서포트 때문에 바로 해지했습니다. 마블 찐팬인데 말이죠 ㅠㅠ
169,해지신청후 두달연속 요금빠져나갔습니다 환불요청했는데 처리가안되고있네요 전화도안되고 해지했더니 사이트들어가서 문의도안되고 빠른처리 부탁합니다
170,결제를 바꾸려는 보이지도 않게 만듦
171,이용권 해제했는데.. 돈빠저나감.. ㅠㅡㅠ 국밥값날아감
172,구독취소 어따숨겨놓은거야!!!!
173,폰으로 사이트들어가서 보려니 앱다운받으라고하고 앱다운받으려니 스토어에서 앱이다운받아지질않음 폰문제인가 싶어서 다른앱 다운받아봤는데 다른앱은 다운 잘됨 이유가? 10번? 그이상 계속시도하니까 다운받아짐 ㅋㅋㅋ 와 우
174,구독취소하기가 이렇게 어려울줄... 몇번 누르면 넘어가게해놔야되는데 진행이안되네요 결국 내일 고객센터 연결해야할듯요
175,가격만 비쌈
176,결제 때문입니다 왜냐하면 결재를 삭제 하면 사람들이 더많이 디즈니 를 깔아서 재미게 볼수있답니다
177,문의가 9시부터9시까지네요?ㅋㅋ 새벽엔 서버도 자나봅니다? 전기료 아끼려고 글남겨두는것도 안되네
178,잘못가입햇는데취소도어렵네요
179,결제 취소가 숨은그림찾기도 아니고.. 완전 어렵게 멤버십 해지해도 또 결제 되고..ㅠㅠ
180,고객 댓 꾸도 없고. 돈만 처벌고.에라이. 화면잠금버튼 다시풀려면 터치도 안되고. 어쩌자는겨.
181,가격 인상 그만하면 좋게ㅛ에여
182,1.5배속이 안되서 아쉽네요.
183,탈퇴안됨
184,구독해제할려고 하는데 못찾겠네 꼭꼭 숨겨놔서
185,요금은 올려 받으면서 되던거 안되게 하는 경우는 뭔지... 1009 뜨면서 잘되는거 안되는 상황은 머지?
186,환불 하고싶은데 환불요청에서 디즈니 플러스 체크가 되지 않습니다.
187,탈퇴하기가 왜 이렇게 까다롭습니까 피씨에서만 탈퇴할 수 있게 해놨던데요 앱에서도 탈퇴할 수 있게 해주세요!
188,취소가 너무 어려워요 취소 도와주세요
189,안깔여요 ㅎㅎ 실수로 지워서 다사 까는디 하라는 대로 해도 안깔리내요 ㅎㅎ 너무 좋다
190,고객센터 너무 전화 안받음
191,결제를 5분사이두고 연속 두번해버리네 도대체 코로나랑 전화 상담원이 필요없는거랑 무슨 상관이냐 메일보내도 답변도 없고 장난치나 이것들이 결제 두번한거 취소해라
192,아니 신규가입 100원 할인에 업그레이드 시켜주고 3개월 간 50%할인이라그래서 보려고 했더니 잘 못 누르고 베이직을 선택했다가 변경이 안되는게 말이 됩니까? 아니 고객센터 말이 더 웃기다. 스탠다드로 변경하면 할인 혜택을 못받는다는데 어떻게 누가 베이직으로 보냐 베이직은 되게 제한적이던데 짜증난다. 첫달이야 업그레이드로 스탠다드로 보지만 다음달은 베이직으로 봐야되냐 내가 내 돈 내고 할인 혜택 업그레이드 한다는데 안된데 웨이브측에서는 자기네들 권한이 아니란다. 어이없어
193,탈퇴좀시켜줄래??
194,결제해놧는데 실행이안되면 어쩌라는건가요 지우고 다시 깔아도 안되는대 ㅈ장난하나
195,베이직으로 결제했다가 스탠다드로 변경하기했더니 베이직 결제했던금액이 카드취소가아닌 포인트로 들어왔는데 포인트말고 환불받을 방법은 없나요?
196,구독 취소 하려고 하면 구글 플레이스토어로 넘어가서 안되거 강제로 돈만 뜯어가네
197,앱 편의성이 너무 구리네요. 작은창 설정도 안되고..와우..가입한지 5분만에 구독해지했어요.
198,구독취소가 왜이럽니까
199,결제 됐다고 뜨는데 시청이 안돼고
200,구매해서 잘 시청중에 갑자기 렉걸리더니 이제는 재생조차 되지 않습니다.. 보완 부탁드려요
201,폰에서는 잘 사용하고 있는데 갤탭 S7FE에서 스토어에서는 검색이 안되서 설치를 못하고 있는데 탭에서는 어떻게 설치하죠?
202,무료로 해주세요 그럼 더 좋을거 같은데 비싸요 저 돈없는데..왜 결제
203,"첫이용 이벤트 기간 지나서 결제됐길래 더 쓸 마음 없어서 결제된거 보고 바로 해지했는데 환불 안 해주고 잘못 눌러서 (자동결제유지이벤트) 해버려서 할수없이 1달 더 썼는데 또 한달 지나 해지하려니 이벤트로 줬던 코인이 만료돼야 해지할 수 있다네요,.. 이런 게 다있어요 해지를 하지말라는겁니까 앱은 별론데 매달 돈은 내야한다니...."
204,구독이 되는지도 몰랐습니다 지금까지 이용도 안하고 있었는데 환불 부탁드려요 좀 빠른 시간내에
205,결제가 왜 안되져? 이용권 구독하기 버튼이 다른글씨와 겹쳐서 뜨고 아예 먹통으로 안눌러지네요 내핸드폰은 지폴드3 최신형이라 기계문제 같진않은데ㅡㅡ 앱을 지웠다 다시깔아봐도 안되고 계속 그래요ㅜㅜ
206,결제 후 잘 사용하다가 어느날부턴가 앱을 열었는데 계속 로딩 멈춤..ㅡㅡ 지웠다가 깔아도 똑같음.. 진짜 노답
207,구글결제유도해놓고 연간구독 해지는 안되는 이상한 곳.소보원신고해도 이 큰기업은 벌금 쬐금내면그만. 구글결제로 연간구독할때 신중하세요.중도해지 안됩니다.
208,가끔보면 개별구매도 있지만 사람들이 되게 유용하게 쓸수 있는 앱이라 정말 편하긴 하는데.. 앱을 그냥 들어가면 되는거지 광고 나오는데 어떻게 어떤 사이트 앱들 중에서 광고 한번 나올수도 있는거죠.(이정도 엄청 양호 합니다.) 꼭 깔아 보세요!! 완전 강추!!
209,뭐야 내 돈 돌려줘요 해지했는데 왜자꾸 돈나가요
210,해지가 안되요. 디즈니는 구글에 구글은 디즈니에 연락해서 해지하래요. 돈 안 내고 싶어요...
211,정기결제 취소했는데 오늘 결제됨. 환불해주세요
212,결제가 두번됬어요 확인바랍니다
213,결재가 안되서 다시 깔았는데 또 안되요
214,"가격면에서 퀄리티는 좋지만 저장되는 것도 느리고 
앱이 전체적으로 저렴해보여요.
와우 회원비도 올랐던데 앱에 조금더 돈을 들이는게 좋을것 같아요. 여러므로 불편한점이 작게작게 있어요 ㅡ ㅡ"
215,금액에 비해 들어있는 양이부족해요
216,구글에 영화검색하면 많은 영화들은 wavve구독 시 감상가능 문구가 떠있었다. 나도 혹해서 결제했지만 실상은 개별구매해야한단다. 딴 ott들은 병00신이라서 그런거냐. 아쉬운감정만 남게해야지.. 화나는감정을 심어주는 ott는 처음이네 니들이 나중에 1등해도 니네껀 구독안한다
217,관리자님 티빙 무료화되었나요? 전 제 돈주고 보고있는데... 왠 스킵도 안되는 광고가 ??하.... 이럴거면 무료화하고 유료회원 광고 미노출 시키시는것도 괜찮지않나요?
218,"제가웨이브를 많이보던사람인데 무료로 이용권없이 볼수는없나요,"
219,쓰레기
220,^^? 실행이 안되네요 ~ 우리 디즈니 친구들 ~ 돈은 오지게 빨리 빨아가면서 영상은 오지게 안보여주네요 ㅎㅎ 너무 좋아요! 바람직해요! 저도 나중에 돈만먹고 튀는 직업을 가져야겠어요 ~~ 호호
221,볼 게 별로없어서 당분간 해지했다가 볼만한거 생기면 다시 결제하려했는데 볼만한게 있는지 확인을 못하네요 결제를 해야만 어떤 작품이 올라온지 볼 수 있어서 진짜 불편합니다 구경하는것도 돈내고 구경해라 이건지ㅠㅠ 이것 좀 어떻게 개선 좀 해주시면 안되나요
222,베이블레이드 같은거나포켔몬스터 새로운 시즌 안내줘요
223,가격이비싸다.
224,다른거에 비교하면 쓰레기다 싼마이로 보는거다 아님 안본다 절대로로
225,구독이거 취소 어떻게 하나요? 매달 계속 7900원씩 나가는데
226,환불하고 싶어요
227,결제하고 구매권 없다는건 뭔상황 ? 갑자기 자동결제 끊긴것도 어이없는데 하...... 지웠다 다시깔아봄 .
228,"13프로, 5g요금제, 프리미엄멤버십 사용중입니다.  자꾸 중간중간 화질이 깨져서 나와서 보기에 너무 불편합니다. 디즈니플러스는 계속 깔끔하게 잘나오는데 왜 넷플릭스만 이러는지..  넷플릭스 멤버십 문제인가싶어 프리미엄으로 올려보았지만 전혀 나아지지않았습니다."
229,"구독권이 24일 11시 39분인데 어떻게 다음달 구독권을 24일 아침 6시에 결제하죠?? 이번달 구독권이 만료되지도 않았는데 다음달껄 자동으로 결제 되게 만들어보리면 어쩌라는건지ㅡㅡ 다른 어떤 어플도 이렇게는 안해요
아무리 쓰레기 어플이어도 리뷰 안남기는데 처음 남기네요
다시는 티빙 이용 안합니다"
230,구글 번역기 돌린거보다 못하네
231,정액권으로 보고 있는데 패드에 설치한 앱으로는 수시로 튕겨져나가는 말도 안되는 상황. 보려고해도 못보는.
232,너거는 축구중계 운동중계 live방송중계 이딴거 하지마라. 방송 중계할 능력안되면 하지를마! 돈 만 벌라고 혈안됐고 시청은 개판으로 운영하는 쓰레기!
233,넷플은 베이직 써도 화질 괜찮은데 화질이 너무 안 좋아서 놀랐다. 다른 ott서비스에 비해서 여러 가지로 부족한 부분이 많다. 앞으로 절대 안 쓸 서비스다. 시간 낭비만 했다.
234,"쓰레기같은 앱,,,다운받지마세요. 스트레스 한시간 투자해도 해결못하니까...."
235,결제가 너어어어어무 불편해요 결제하다가 포기할뻔
236,결제할때 매번 오류떠서 결제하는데 시간이 드네요
237,엥..... 해지했는데 7900원이 왜 나갔죠..... 뭐임진짜
238,앱누르면 들어가지는데 계정클릭이 아예 먹통입니다
239,결제는 계속되고 안들어가지는데 어쩌라는거죠?
240,고객센터 연락두절. 100원이벤트 했는데 3천원 결재 나가고 월정액 해지 시켰는데 또 나감 열받아서 전화했는데 고객센터 연락두절 그릇이 작으면 안하는게 맞는거 같은데 편의도 못 봐주는게 기업임?
241,역시 사기쿠팡답네 결국 낚시하여 개인정보수집해서 결제유인하네 역시 쿠팡쓰레기 아 짜증나
242,구독료가 비싸요
243,결제모듈이 취소되었다는 알림이 자꾸 뜹니다
244,"모든 서비스는 훌륭하지만 자막이 에러입니다. 여성 출연자들은 존댓말, 남성 출연자들은 반말을 쓰고있네요. 어떤 상황에 놓이든 똑같으니 세계적인 디즈니지만 이런건 별로 세계적이지 않고 트랜드를 따라가지도 못 하네요. 많이 실망했습니다. 다음에 구독할지 어떨지 모르겠네요"
245,해지하는법도 넷플릭스 보다 어려움 진짜 싫다
246,결제해지를 하려고하는데 내 계정들어가기 버튼이 없네요. 어떻게 해야하죠?
247,오티티 다양하게 쓰는 중인데 티빙만큼 편한게 없네요! 볼거리도 많아서 좋고 접근성도 앱이나 웹이나 편리해서 유저프렌들리한 구성에 사용도 편리합니다! 티빙없이 이젠 못살겠네요! 앱이 날로날로 편해지는 점 가장 칭찬합니다!
248,프리미엄으로해서 이번에 애플티비에서도 볼수있네요 그동안 아이디하나만 하는거 불편했는데 너무 좋습니다
249,"베이직 이용권 => 프리미엄 이용권으로 전환하여 이용 중입니다
화질 차이 무엇..무조건 프리미엄으로 이용하세요
당분간 주말은 티빙에 올인해야겠습니다"
250,이용권 구매 했는데 확인되는 이용권이 없다 계속 나오네요~~결제 취소하고 싶은데ㅜ
251,프리미엄 이용권 너무 좋아요!
252,프리미엄으로 변경했는데 스마트tv도 되고 기능들이 좋아서 도움이 많이 됩니다!
253,프리미엄서비스 정말 화질 최고예요👍👍 너무 만족스럽고 왜 진즉 안했네 싶네요!
254,구글 결제기능 없으면 구글스토어와 관계없으니 넷플릭스 구글스토어에서 꺼져
255,새로워진 티빙 너무 좋네요. 프리미엄으로 이용하니 가족과도 함께 즐길 수 있어서 좋습니다!!
256,"티빙을 좋아하는 팬입니다. 드라마, 예능 등 방송사와 다른 시도로 저에게는 다양한 즐거움을 주네요! 앱 또한 많은 문제가 있었지만, 바로바로 수정 반영 해주시는 노력이 항상 보여서 좋습니다!. 앞으로도 좋은 서비스 부탁 드리겠습니다!"
257,"정기구독 하고 있는데, 볼수 있는컨텐츠가 많아서 좋아요.
키즈 부터 영화까지 잘 이용 하고 있습니다."
258,프리미엄으로 사용하니 넘 좋아졌어요. 원래 베이직으로 쓰다가 프리미엄으로 바꾸니 집에 tv에서 그냥 볼수도 있고. 예전이는 720p화질로 캐스트해서 봤는데.. 완전 신세계네요
259,프리미엄 이용으로 여러 장비에서 동시에 시청하니 좋네요
260,티빙 너무 재미있게 이용중입니다.! 프리미엄으로 가족들과 같이 티비로 보고 있습니다. 더욱 더 재미있는 영상들 만들어주세요.
261,한번볼까 구독했더니 하루조일 로딩중이내 결국 결제 두번하고 맨붕중~~~ 써비스 접어라!
262,웨이브에 볼것도 많고 다 재밌어서 좋았는데 제가 돈 때문에 한번 해지했다가 다시 1만6천원짜리 이용권을 구매 했고 구매가 되었다고 메세지로도 왔으며 돈도 빠져나갔는데 웨이브에서 이용권오류로 인해 다시 구매 하라 하는데 돈은 이미 빠져나간 상태라 지금 멘붕입니다. 심지어 1만6천원짜리를 이미 구매해서 이용권을 구매할수 없다네요. 좀 도와주세요
263,이용권 두번 결재되고 왜 계속 이용권을 구매하라고 하죠?
264,정기결제 취소했는데 결제 돈이 나갔어요. 환불요청 했는데 환불은 안해주고 정기결제 끝났으니까 구독은 끝낫다? 뭐여 내 돈 내놔
265,"티빙 프리미엄 리뷰 일단 티빙 자체에 보고싶었던 방송들이 너무 많아서 좋았고, 프리미엄이라 화질도 좋고 동시에 이용가눙한 시청자수도 많아서 더욱 좋습니다 .!"
266,티빙 프리미엄 최고에요~ 4K시청 끝장이네요~
267,조금씩 개선되는 티빙 항상 즐겨보고 있어요 넘좋아요! 프리미엄 가족과의 동시시청도 가능해 부담없이 시청가능해서 더 좋아여
268,취소 환불이 바로바로 안되는데 이건 심각하게 문제네요. 결제하고 바로 취소했는데 취소 환불이 안되는건 정말 심각합니다.
269,볼게너무많다 최고다 프리미엄 고고
270,이용혜택 100원이벤트도 안되구요 12500원 결제 되었는데 이용권 등록도 안되있구요 돈 환불해주세요
271,구독을 하기전에 앱을 둘러볼수도 없으니 이건뭐 무조건 돈부터 내고 보라는식이네요
272,구글결제 너무 불편해요.... 네이버페이 결제가 좋았는데..
273,베이직가입해서 휴대폰결제했는데 시청할려고하니 구매하기'계속뜨고 로그인계정확인하라고 계속뜨네요.휴~~구매취소는 어떻게 하나요 모빌리언스로 문의하나요?티빙에 문의하나요?좀 짜증나네요
274,이용권 구매하고 결제했는데 결제안되었다고 하고.. 결제안된줄알고 다시 결제하려고 하니 이미 결제완료 구독완료라고 뜨네요.. 뭐 어떻게해야하나요..
275,"안녕하세요 늘 잘 쓰고 있습니다~ 
그런데 다름이 아니라 실수로 베이직 이용권을 샀다가 7분쯤 뒤에 스탠다드형으로 업그레이드를 했는데 이미 돈은 베이직형, 스탠다드형 둘 다 나간 상태여서요 ㅠㅠ 베이직형으로 결제한 돈은 환불받을 수 없을까요?"
276,카드가 사용불가라고 떠요 도와주세요 월마다 내는거 선택할려 했는데 농협카드도 다른카드도 사용불가라고 뜹니다 돈도 충분히 들어있고요 토스로 연결 해볼려했지만 그마저도 안된다고 뜹니다 제발 도와주세요 보고싶은게 많은데...ㅜㅜ
277,가격에 비해서 너무 적고 만화는 7년 전에 종결한걸 48화까지만 있고 더 올리지도 않네요. 이런게 너무 많아요.
278,이용권 구글로 구매했는데 계속 1분 미리보기만 됨
279,결제 바로 취소해주세요
280,앱 결제가 두 번 됐는데 확인 부탁드립니다. 4/17 베이직 결제했는데 결제창이 계속 떠서 12500원 짜리 한 번 더 결제했습니다. 그런데 확인해보니 총 21500 결제된 것을 확인했습니다. 확인 부탁드립니다.
281,결제를 했는데 또 결제를 하라고 뜨네요
282,웨이브 첫 결제를 하면 첫달은 100원에 이용 할수 있다고 했는데 구글로 결제하면 이벤트 적용이 안되더군요. 이벤트를 공지할때 구글로 결제하면 이벤트 적용이 안된다는 글자를 크게 적용해주셨으면 좋겠습니다. 그리고 구글로 결제했다고하면 웨이브 고객센터에서 구글에 문의하라고 나몰라라 하는거 진짜 좀 아닌거같아요. 웨이브를 어떤 결제 수단을 이용했던 똑같은 고객인데 앞으로는 어떤 결제 수단을 이용했던 웨이브가 통합 관리했으면 좋겠습니다.
283,구독상품마다 화질이 다른데 구독 기간이 끝나지 않으면 변경이 불가하네요. 번거로워서 그냥 구독 해지하렵니다
284,첫달100원이벤트 2달50프로이벤트보고 결재했는데 구글인앱결재로 넘어가서 첫달 정상금액 결재됨 웨이브 고객센터얘기하니 구글보고얘기하라그러고구글은환불거부함 어떻게처리해야됩니까?
285,이용권 해지했는데 실수로 이벤트 눌렀는데 바로 적용되니깐 당황스럽...^;; 캐시 만료일까지 기다려야하나요..
286,쓰레기
287,해지 했는데 왜? 오늘 결재가 됬나요? 궁금함니다? 네? 화가나네요😡
288,결제가안돼요.. 결제방법도어렵고
289,결제내용이 없어지고 비밀번호도 아니라고 하고 잘보고 있었는데 이제 볼수가 없네요..뭘 어쩌라는건지...요
290,이번달 결제이벤트 프리미엄도 100원이래서 구독했더니 왜 16000원 결제예정이라고 뜨나요? 환불바랍니다.
291,해지할려고합니다 로그인은 되는데 해지방법좀
292,결재취소어찌하나요?
293,스탠다드 결제했는데 계속 이용권구매 떠서 못보고있어요. 결제 안됐나 싶어서 다시 구매해보려고 했는데 이미 구독중인 계정이라며 오류 뜨네요 어쩌라는거지
294,이용권 결제하며 보고있는데 너무 잘 보고 있습니다. 대만족이에요! 리뉴얼되서 더 편하고 좋아요^^
295,앱 리뉴얼 후에 더 감각적이게 바뀐 것 같아요! 앱 자체 렉도 괜찮아진 것 같고 속도도 전반적으로 빨라진 것 같습니다!
296,쓰레기 예요~
297,앱 사용하기 너무편해요 검색부터 재생까지 로딩도많이걸리지않고 본방사슨하기힘든데 언제든지 볼수있어서 좋은것같아요 다음회차도 버튼하나로 가능해서 진짜편해요
298,구독 해지했는데 왜 대체 4개월째 돈이 계속 나가는거죠? 반영이 안됐나싶어서 기다리는데 정말 너무 하네요 해지됐다고 분명 봤는데 이게 말이되나요 컨텐츠 시청 아예 안했습니다 세달동안. 환불해주세요 서비스도 좀 제대로 바꿔주시구요
299,티빙을 많이 사용하고 제일 편한거같아요! 자막기능을 조금 보완해주시면 좋을거같아요!
300,머야 낭만닥터 김사부 돌려줘요....ㅠㅠㅠㅠㅠㅠ
301,1인 가구가 늘어가고 있는데 차라리 프리미엄멤버쉽에 접속 인원수를 줄인 요금제가 있었으면 좋겠네요.
302,결제 했는데 이용권이 없다면서 결제가 안되었나 해서 다시 결제 했더니 이용 중이라면서 오류가 뜨는데 ㅡㅡ 어떻게 해야하나요 ?
303,등록된 카드 정보를 삭제했는데 왜 자동결제가 된 거죠? 금융 정보 부정사용으로 금감원에 민원 넣으라고 이러시는 건가요?
304,해지는 어디서 하나요?
305,가격 진심;;
306,구독취소 하고싶은데 구독 취소가 안되요 구독 취소좀요;;
307,쓰레기 예전에는 무료중계도 유료로 바뀌었네
308,카드등록이되어있는데 이용권구매터치하면 구글결제로뜨네요 전에는 카드가바로떳었는데..7900원에서9000원으로바뀌고부터 안되네요 불편하네요
309,드디어 몇년만에 다음화 넘기기 버튼이 생긴건 좋으나 밝기.음량 조절 스와이프 는 예전이 더 편합니다.예전에는 아무 영역에서 섬세 하게 조절이 가능했는데 지금은 너무 힘들어요 게이지도 너무 큰폭으로 올라가구요.섬세하게 밝기 음량 조절이 힘들어요
310,정기권 결제했는데ㅠ왜 아무것도 볼수가 없는거지 미리보기민 된다고하네... 이용권구매하라고
311,결제를 했는데 다시해야되나여? 왜계속 결제하라고하죠
312,11번가에서 결제 연결하고 앱 깔았는데 연동도 안돼고 또 결제하라고 떠서 그냥 해지했어요..그냥 안볼랍니다
313,결제가 구글결제만되네.. 혜택이없어..
314,결제 이중으로 됩니다. 청구가 LGU+로 되게 해놨는데 제 신용카드로 또 청구가 됐어요. 카드번호 입력한적도 없는데 말이죠.
315,정기권 해지방법 좀 알려주세요
316,"오티티 서비스중에 제일 많이 이용하고 있습니다 :) 엑사세 덕분에 웨이브를 알게 되었는데, 하루 앱 사용률이... 인스타보다 웨이브가 높네요..ㅎㄷㄷ 엑사세 미니페스트 등등 볼거리가 많아 스탠다드로 친구랑 같이 보고 있습니당 앞으로 더 재밌는 영상 많이 부탁드려용 :)♡"
317,"1, -38 에러가 뭔데? 어플 쓰레기네"
318,베이직정기권구매했는데..돈은빠져나갔는데이용권이 없다고나오네요..문의했는데연락도없고..전화는안되고..답답하네요
319,결제하기 이전에 어떤 컨텐츠를 보고 즐길수 있는지를 먼저 보여줘야 결제할 생각이 들지 아무런 홍보없이 결제하라는식의 통보로는 소비자의 마음을 살수없습니다 ott는 더이상 넷플릭스 독점이 아닙니다 겸손해지세요
320,영화를 볼려고 스탠다드 정기구매했음~ 근데 내가볼영화가 개별구매로만 볼수있는거임~재대로 확인안한 제잘못이라 그냥 구독권쓰면되지라고 생각하고 개별구매를 1200원에 해서 볼려고함~ 그런데 캐시를 충전하라네~~충전할려고 들어갔는데 어? Pc버전에서만 된다네?ㅠㅠ 이새벽에 영화볼려고 구독권신청했고 개별구매로 캐시도 충전할려고 했는데 pc버전으로만 된다니ㅜㅜ 집에 컴터 없어서 pc방가긴 그래서 결국포기함 정기구독도 해지했음
321,쓰레기앱
322,이용권 구매했는데 왜 자꾸 구매 안 했다고 뜨면서 1분 미리보기만 재생이 되죠?
323,베이직 이용권이용중인데 집에있는 tv로 연결안하고 직접들어가서보는건안되서 프로필 하나 더 쓰는걸로 변경하고싶은데 어떻게해야되나요?? 만료일되야 변경가능한건가요?
324,쿠폰 등록 메뉴가 왜 없죠?
325,탈퇴하고 다른 방법으로 재가입하니 100원 프로모션 이벤트 다시 참여 가능하네요. 다른거 다 정리하고 넘어온건데 이 방법을 안내해주지 돈내고 보던가 그냥 참고 보라니...
326,가격도 비싸고 보고싶은영화없음
327,결제취소했습니다 환불도와주세요
328,가격도 계속 올리고 정신 못차렸네 애기 좀만 크면 디즈니로 바로 갈아탄다
329,결제하려고 했는데 결제는 안되고 카드에서 2500원만 그냥 나갔네요 결제복구도 안되고 환불도 안되고 그냥 2500원 가져가시는건가요….? 너무 당황스럽네요
330,구독해도 돈내야되는 어이없는 앱. 사기당한 기분입니다.
331,대체적으로 만족스럽습니다. 그런데 근3일간 TV상에서 지상파Live가 안보이네요? (스탠다드이용권사용중) 고객센터 1:1문의경로를 찾지못해 이곳에 남깁니다. 공지 및 문의 응대가 개선되면 좋겠습니다.
332,결제은 정상으로 진행되고 이용권은 안들어와서 이용을 못하네요 환불이나 오류해결하고 이용할려고해도 주말이라 연락도안되서 할수있는게없네요 짜증나네요 괜히 결제했네요 환불해주세요
333,쓰레기앱
334,OTT계의 클레멘타인.. 즉 쓰레기란 소리다.
335,쓰레기
336,환불해주고 계약해지 해주세요 토트넘 경기볼려구 하는건데 지금 로그인이 안되는데 짜증나죽겠어요
337,싼값에 쿠팡 로켓배송 떨이상품
338,가격 쳐올리면 뭐하냐 서버 관리도 못하는데
339,서버 시도때도없이 터지는데 구독료는 대체 왜처받으시나요
340,서버관리를 잘하도록
341,결제를 햇으면 로그인을 되게 해줘야되는데 지금 몇분째 로그인이 안되는데 이거 빨리 개선좀해주세요 돈아까워 죽겟네
342,축구보려고 했는데 접속이 안되네 쓰레기앱ㅡㅡ
343,와우회원인데 로그인할수 없습니다 나중에 다시 시도해주세요 이럼 돈내고 서비스 이용도 못하고~ 이러면 따로 분리해서 하든가 화나게 하지말고
344,쓰레기어플 돈 돌려내라
345,결제 다하고 축구보려고 앱에서 로그인하려했는데 앱 서버오류문제인지 다짜고짜 로그인이 안된다네요 기기문제인가싶어 공기계에서도 진행했으나 똑같은 상황 축구한경기 보려고 결제했는데 이렇게 허무하게 못보네요 별 거지같은앱 별점 1개 주고 똥밟았다고 생각하렵니다
346,"구독 해지했는데 왜계속 결제되는거죠????
5월달도 청구되었던데요 
확인해주세요"
347,가격은 올린다더니 폭주에 대비도 안 해놨음? 환불 준비하세요.
348,렉이 심하네요
349,첫달결제100원이벤트 적용이안되네요ㅡㅡ사기당한기분 12500원그대로나감
350,저 100원 이벤트라면서 프리미엄결제 다된거같은데 어떻게 적용되는지좀 알려주세요ㅠ
351,무료이용권등록을 어떻게 하는지 나오지않아서 쿠폰번호누르려고 프리미엄이용권 눌렀다가 결제되버림 구글에서 환불도 안해주네요..주말껴서 문의하느라 시간도 다 가버리고 정말 화나네요 환불하려고 재생도 한번 안함
352,결제가 안되네요
353,뭐죠 결제했는데 사용이 안되요 베이직으로 방금 결제했는데 왜 계속 이용권 구매하라고만 하나요 아...진짜...
354,이용권이 증발됬는데 주말이고해서 걍 다시 결제했더니 계속 이용권 구매만 뜨네? 먹튀야 뭐야 역겹네 진짜
355,결제안되게하고싶은데 어케하는건가요?비밀번호를몰라서탈퇴?가안되는데 정기구독하기싫은데요
356,결제 했는데 정액적용도 안되고 고객센터는 문닫았는지 상담 안되고 개같은거 어따말해야됨?
357,카카오페이로 결제 가능하게 해주세요.
358,이용권해지했는데 자동결제된건뭐죠? 결제대행사번호는 없는번호라고 뜨고
359,환불 요청합니다. 채널 보려고 결제했는데 저작권때문에 중계가 안되면 결제를 못하게 해야 하는거 아닌가요? 이메일도 보냈으니 확인바랍니다.
360,구독 취소 했던 것 같은데 취소가 안됐는지 자동 결제가 되었어요 ㅠㅠ 환불해주세요 ㅠ
361,아니 tv 에서 깔고 실행해서 검색하려고 하면 검색버튼이 없어서 검색도 못하네요;;;
362,자동결제 해지를 꽁꽁 숨겨놔서 2달치 결제됨 기분나빠서 회원탈퇴
363,결제했는데 이용권이 안보여요 빠른확인 부탁드려요
364,이거는 어쩌다 한번씩 이용권구매했는데 구매한적없다고 오류뜨면서 환장하게함
365,결제를 이미 하고 돈도 빠저나가는 거를 확인했는데 구글 계정이 불일치 하다고 안된다고 해서 다시 결제 할려고 했는데 또 구글 이메일이 불일치 하다고 안된다고 하는데 구글 이메일 접속하는 창이라도 뜨면 모르겠는데 계속 안된다고만 해서 앱을 삭제 했다가 다시 깔려고 하는데 오류만 뜨면서 다운조차 안된다고 하네요
366,그냥 쓰레기임
367,이거 어떻게 보는건가요? 모르겠어서 사용을 못해봤어요 매일 깔고 지우는것만 반복하고 있습니다
368,가격내려
369,결제만되고 안됩니다
370,결제 취소 하는법 문자 보내준다구해노쿠 2번 전화해는대 2번 다 안보내주내요 이건 모라구해야하는지 할말이없내요
371,결제했는데 안보임
372,결제방법 바뀐것 요금올린거 왜죠
373,쓰레기어플
374,굿~~~~~~!!엄지척
375,이용권구매후앱설치가안되요
376,정기결제해서보고있는데 요즘 계속 서비스연결지연된다고하면서 좀보다가끊기네요 끊기면바로재생도안되고몇번눌러야재생이되네요
377,축구 이벤트 열어줘서 별5개줍니다
378,서버관리가 너무 안되네요
379,구글에서 베이직 이용권 구매했는데 계속 이용권이 없다고 뜨는데 어떻게 할지 모르겠어요
380,가격면이 아니라 봤던 작을 줄에서 삭제 하려 하는데 안 없어져요;; 그럼 삭제 기능 왜 만들어요?
381,가격오른다고 공지 왜안함?
382,가격대비 아주 좋아요^^
383,결제 수단 취소 할려구 합니다
384,카카오 페이로 연동해서 한달치를 결제하였으나 한번 결제되고 십분뒤에 만원이 또 결제되었습니다 환불 부탁드립니다
385,결제하고 보지를 못했다 로그인이 안되서 무쓸모다 환불이나 해줬으면 좋겠다 혹시 하고 며칠 기다리면서 해봤는데 맞는 비밀번호를 치면 공란팝업이 뜬다 어휴 결제한지2주는된것같은데 그냥 환불부탁해요....
386,결재를 해서 보고 있는데 하찮은 영화들만 그냥보기가 가능하고 좀 볼만한 영화들은 또 개별구매를 해야 한다니 이건 완전 이중노림수가 아닌가.. 게시판에 나와있는 유인용에 속지 마세요 😡
387,"이용권관련 문제가 있네요... SKT 월 9900원짜리 wavve이용권 사용하고 있는데, wavve 앱에 접속하니깐, 이용중인 이용권이 없다고 나오네요..."
388,결제만되고 실행이안됩니다 삭제하고 재설치해도 동일하네요 너무 불편합니다
389,결제 취소 좀 해주세요
390,이용권 구매했는데 왜 보유한 이용권이 없다고 하는지....다 결제되서 영수증까지 왔는데....
391,이용권 구매했는데 왜 안될까요...?
392,결제할때마다 정말 너무 답답하네요. 결제를 했는데도 구매한 이용권이 없다고 매번 뜹니다. 정말 매번. 평일같은 경우라면 바로 고객센터 전화하면되지만 오늘같은 주말에 이러면 결제해놓고 이틀동안 보지도못하고. 개선좀 해주세요.
393,가격싸고좋음 티비연동할수있게 개선하면좋을거같아요
394,가격이 너무 비쌈
395,구독료가 계속 올라 보기 부담스럽습니다..
396,환불도 복잡하고 진짜 문의해도 똑같은 답변만하지 코로나때문에 상담안된다고 일관 그냥 나몰라라하는게 너무 역겹네요^^
397,베이직으로 구매했는데 이용권없다고 뜨네요
398,"멤버쉽 변경 은 어떻게 하나요? 결제 수단 변경,멤버스 변경 이런게 없던데 멤버스 해지 만 있고 어떻게 하라는건가요?"
399,"결제가 된 상황인데 안됐다 그러면서 보지도 못하고 있네요. 한두번도 아니고,,돈내고 사용하는데도 이러면 기분이 안좋지 않을까요?"
400,문의가 빠르게 처리되어 좋았습니다
401,베이직이 티비에서 안되는지 모르고 결제했다가 구취 하고 바로 스탠다드로 경제했늠데 경제만 두번되고 이용권은 베이직이라고 뜨네요ㅠㅠ로근을 다시해봐도 안돼요 어쩧게해야하나요??
402,정기결제중인데 이용권없다고 나오네여.. 해결좀
403,서버가 외국에 있는지 로딩 시간이 너무 길어요
404,결제 하고 한편보기 힘드네 로딩 이계속5분마다 걸리는데? 환불은 안되고
405,이용권구매를했는데왱없냐 취.소하려고해도안되고상담사도없고내도래놔라
406,이렇게 개똥망 쓰레기 앱은 처음봄
407,결제를 해놓고 보는데 개별구매라는 결제를 왜또하나요? 그냥아예없애주던가 무료로해주세요 기분나빠요
408,신속한배송다양한상품
409,해지하려는데 구글에서 하라하고 결재내역은 뜨는데 환불 요청 버튼은 활성화가 안되어 있고 난감하네요
410,아니 결제는 됐는데 구매한 이용권은 없는게 뭐죠? 결제하고 이용도 못하고 첫달 이벤트도 전혀 적용안돼고 뭐하는 거죠?
411,베이직요금제 화질 720 으로 볼 수 있게 해주세요. 480 이 뭡니까..화면에서 볼륨컨트롤도 하게 해주세요
412,갑자기 저장이 안돼요. 폰 pc 둘다 안됩니다 멤버십도 프리미엄이고 용량도 넉넉한데 자꾸 저장 안된다고 함
413,구독할 때 구글말고 다른계정으로 구독하고 싶은데 그 방법은 없나요
414,프리미엄 구매해서 너무 잘 보고있는 사람입니다. 근데 개별구매가 왜 있는지를 모르겠어요. 매달 돈 내고 보는데 또 개별구매를 해야한다니 차라리 매달 내는 돈을 올려주세요. 돈 내고 또 보려면 돈 내라 이건 아닌 것 같아서 씁니다.
415,환불 안되면 여의도가서 자살할게요
416,결제자체가 안되는데 어떻게 해야하는지 설명도 없으면 어떻게 결제하란거죠?
417,평이 쓰레기라 네이버 검색하다 중국 진수기 우리나라빼고 공개했단말에 앱삭제하러감 ㅂㅂ 이런거 우리나라사람들 예민한데.. ㅉㅉ
418,쓰레기임...
419,아주 쓰레기 앱이네요..
420,쓰레기
421,아니 비번찾기를등록아이디가이멜이없이만들엇는데 비번을어찌찾냐고요 본인인증으로도다비번찾는데여긴뭐 이래 자동결제빠져나가는데 해결빨리좀해줘요 넷플이랑차별이심하네요
422,"Shower on 9÷#×/..@i. A2×× 121,530 qm ey"
423,이용권은 결제가 되었으나 미지급이 되는데 문제가 이런 사람이 소수가 아님에도 불구하고 고치려는 노력이 안 보임
424,해지하고싶어요
425,구독 해지했는데 갑자기 결제가 되네요 ㅠㅠㅠ 환불해 주세요 ㅠㅠㅠ
426,가격은 비싸졌는데볼만한 영화가없어요 다 옛날꺼라 본거임
427,해지 못하게 막아놓은거 역겹네요 해지하려면 고객센터 전화해야하는데 누가 이렇게까지 하고싶어함 걍 탈퇴해야지
428,자꾸꺼짐 쓰레기
429,일부러 가입했더니 스탠다드 이상부터만 시청가능하네요 베이직은 뭐하러 만들어놨나요;; 최악의 ott
430,구독 해지 후 해지 취소한 적 없는데 멋대로 해지 취소 후 돈 뜯어가더니 코인 지급함 취소하려고 보니 코인 만료 후 취소 가능하다며 해지하려면 한 달 기다려야 한다는데 이게 무슨 경우인지?
431,결제 다 해놔뜨만 어플이 안들어가지노
432,탈퇴도없고 요금도비싸고 누가보겠어 이딴걸요즘시국어려운뎅 흠 돈아까움
433,가격올리는 순간 바로해지다
434,구독권으로 결제 했는데 자꾸 이용권이 없다 뜨네요 어찌해야되나요
435,정기권 구독취소 어렵게 만들어서 진짜구독하기싫어짐
436,돈 안내고 12세들만 볼수 잇는 방법 업나요..? 자꾸 프리미엄 무시기좀 사라고 난린데..
437,이중결제하고 마음데로 하고 48시간 지나면 환불도 안된다는 티빙.. 황당하네요..
438,환불요청합니다
439,"베이직 정기권 샀는데..화질 이러기 있나요.. 화질이 좋아질 땐 엄청 좋아지고, 나쁠 땐 엄청 나빠짐..물론 베이직이라서 여기서 더 뭐라고 하기엔 애매하기 때문에 슬슬 다른곳으로 떠나보겠습니다"
440,코인은 안써도 환불안해주는구나 다음 구매는 신중하게 해야겠네요
441,쓰레기 그자체 실행도 안됨
442,아니 팝업 어떻게합니까...웨이브 팝업되는거 빼니 뭐 특별한게 없네요 하아...홈버튼 아무리눌러도 뭐가되는건지...검색해도 안나오고 답답하네요
443,계정이 잘못된 것 같지는 않은데 구독 창에 티빙이 구독되어 있다는게 뜨지 않아요...제가 스탠다드 정기권을 구독하다가 친구 한명이랑 같이 쓰기 시작했는데 제가 결제가 안되는 상황이라면 자동으로 친구한테 결제권이 넘어갈 수도 있나요?
444,개별구매 컨텐츠가 있는것도 이해 안되는데 끊김까지 심하면 뭘 보라는거예요?? 진짜 이럴거면 돈 왜 받아요..? 한달에 구독하는 OTT만 5개인데 티빙만 끊겨요 티빙만;; 제대로 된 서비스가 하나도 없음 진짜
445,"아래 내용포함해서 두번 후기 올리니 고객선터에서 전화와서 7.25일까지 환불해주겠다 하면서(카드취소가 어려워서 한달후에 입금한다고) 통장사본보내라, 하나라도 보면 환불안된다 어쩌고 하더니..아직까지도 환불 안해줌. 환불해줄테니 후기 내려달라 하더니..고객불만족 해소보다는 후기 내리는거만 관심있었던거.. 별생각없이 카톡으로 가입했다가 가입 10분만에 탈퇴하고 일반아이디로 다시 가입하려던거였는데, 티빙 이용생각 없어짐 ....... 결제한지 몇분만에 환불요청 했는데 구글은 자기네는 환불안되니 개발자한테 환불요청하라고 하고., 아래 답글에 있는대로 메일로 내용을 보냈지만 인앱결제는 구글한테 알아보라고 답하시더군요. 이런 답변은 왜 남기셨나요? 장난하세요? 다른앱은 구글에서 받은 결제정보 보내면 환불이든 차감이든 처리해주시던데 티빙은 왜 안되는거죠? 똑같은 인앱결제인데.. 공개되는 답변은 개인정보를 보내면 뭔가 검토할것처럼 하시고, 공개안되는 메일문의에는 구글에 알아보라...고 답하시네요."
446,구독취소할려는데 카카오페이로 결제해서 그런지 구독취소가 없어요. 디즈니앱 계정에도 안뜨고 카카오페이에도 안뜹니다. 근데 자동결제는 계속되요. 구독취소 해주세요~
447,쓰레기
448,결제를 두번 이나하고 환불도 안되고 웨이브 시청도 안되고 이유가 뭡니까
449,해지하고 싶은데 마이페이지에서 무얼 선택하든 어플이 종료 됩니다. 해지할 방법이 없네요.
450,아니ㅋㅋ 오래된 폴드3라 접속이안되나 무한골뱅이 뜨면서 접속이안되네요 접어도안돼 펴도안돼 폴드4쯤되야 접속시켜줄랑가?
451,연령인증을 어디서 하라는건지 방법도 없구 영화볼려구 가입햇는데
452,구독 취소하기 전에 빨리 자막 원상태로 복원해주세요
453,쓰레기들 유트브로 결제하고 다른계정으로 또결제하고 나쁜것들
454,결제 후 앱이 튕깁니다. 먹튀인가요?
455,폰에서 작은화면으로하고 다른앱위에서 볼수있는기능을 쓰면 너무작게뜨고 자막도안보임 티빙처럼좀 작은화면전환되어도 화면크기가좀커서 카페나 신문기사보면서도 동영상볼수있게 개선요망
456,이용권 해지 알림이 떳기에 해지된줄 알았으나 pay류는
457,8월8일 티빙에 가입햇는데 미스터트롯을 볼려고 베이직을 선택햇지만 스탠다드로 하면 좀더 화면이 선명할것같아서 변경하고자 합니다 방법을 가르쳐주세요
458,해지 했던 이용권이 또 다시 결제가 되었습니다.참고로 지금현재 사용하고있는 이용권은 12일에 결제가 되는데 오늘 결제가 된 돈을 다시 환불 부탁드립니다. 그리고 그 해지가 되었던 그 이용권은 이제 없는데 왜 갑지기 자동결제가 된건가요.. 이해가 안되네여....무조건 환불 부탁드립니다.
459,환불부탁드립니다. 백원 적용이 안되네요.
460,스탠다드로 결제하고 잘보고있습니다 다만. 전체화면으로 넘어갈때랑 해제할때랑 렉이 너무 심합니다 얼마나 심하냐면 우측위에있는게 사라질때 뚝뚝 끊기면서 사라집니다 다른건 다 괜찮은데 그 2가지 때문에 보는게 살짝 힘드네요
461,"안녕하세요. 삼성tv에서 이용권을 구매했다가 안되는 것 같아서 앱스토어내에서 이용권을 중복으로 구매하게 되었습니다. 혹시 12,500원 구매권 환불 가능할까요?"
462,정기결재 카드 유효기간이 다 되어서 비싼가격으로 다시 정기결재를 했는데.. 하고 난후에 왜 이용권 없음이 계속 있고 결재된 이용권으로 볼수가 없어요 이거 주말인데 너무하잖아요..
463,구글에서 실행하기 난이함
464,결제하고 볼라고하니 미리보기만 가능한데 어찌된건가요
465,환불해주세요 결제했는데 아이디가 없다는데 무슨 말이죠???
466,결제는 됬는데 볼수가 없네요 구독 최소했는데 환불해주세여
467,잘못결제했는데 욤금제 변경 안되나요 고객센터도없고 난감하네요
468,현실세계에 존재 하면 좋은 쓰레기
469,가격은 왜 올리는 거임? 그럴거면 번역이나 똑바로 하던가 넷플은 번역가를 도대체 어떤 사람으로 쓰길래 지 맘대로 번역해? 영어 그대로 옮겨쓰는 것도 힘들어? 내용 좀 바꾸지 마라;; 일반인이 쓴 번역이 맥락에 훨씬 잘 어울림ㅋㅋ 작품마다 리뷰도 간단하게 쓸 수 있게 해주지 번역 얼마나 쓰레긴지 적게.
470,이용권 구매해서 볼려니까 보유한 이용권이 없다고 하네요 결제완료 문자까지 왔는데 돈 내고 보지도 못하는게 어이없네요
471,쓰레기 실행안됨
472,영화를 검색하기가 너무 편하고 쉬어요
473,앱은 쓰레기
474,결제한지 5분만에 환불요청합니다. 새로 영상본거 하나도 없고 다운받은것도 없어요 바로 환불해주세요
475,구매를 했는데 이용권이 안뜨네요 여전히 미리보기만 뜨고.. 당장 볼려고 끊은건데 이러면 곤란하죠 안되는 와중에도 이용권이용일은 점점 사라지는데
476,회선별 잠금설정이 되었으면 좋겠어요.
477,가격좀 내려주셈 ㅋㅋ
478,지웠다 깔아도 껐다켜도 뭔짓을 다 혀도 안된다
479,보기편하고 좋은데 무료사이트랑 다른게 없는게 아쉽네요 많이 비싼편입니다 웨이브가
480,개별결제 선택하는데 자동결제하라고 하네요 별점1도 아깝
481,이용권 기간이 안끝났는데 한번더 자동결제를 하네요
482,베이직 가입해서 사용하는데 드라마 다시보기 보다가 자꾸 이용권 구매하라고 나오네요. 구매하기 들어가면 구매할수 있는게 없다고 하고 엉망이네요
483,갑자기 이용권 구매하라고 뜨네요 이용권 구독 하고 있다고 뜨는데도요..
484,이용권아직남았는데 이용권 구매하라함... 타임아웃이 자꾸 발생됨
485,또 짜증남 이용권 있는데 이용권 구매하라고 재생이 안됨
486,나는 이용권 삿다고 왜 또 사라고 하냐고ㅡㅡ
487,결제 이후 시청하지 않았는데 환불 부탁드립니다
488,해지 하기가 왜 이리 힘들어요 해지 어떻게 하나요? 구글 플레이 에서 정기 결제 들어가면 된다고 하더니만 들어가도 해지는 없고 진짜
489,갑자기 사용이안됨 이용권결재 화면뜨고
490,쓰레기앱 티비에서 보려고 하는데 앱이 실행이 안되고 몇번을 재부팅해도 계속 똑같음 이럴거면 무료로 시청을 해주던가 돈받고 하면서 뭐하는건지 모르겠네 니네가 몇명인지 몇만명인지 모르겠지만 돈받고 이용하게 하면서 이렇게 이용하게 만드는게 말이된다고 생각함? 진짜 이해안됨
491,이용권 구매하고 가끔 안됨 걍다른데 쓰셈
492,쓰레기 앱. 사용하고 며칠이면 바로 알게된다. 고객센터 대응도 쓰레기 그 자체.
493,왜 이용권이 있는데 이용권이없다면서 미리보기 나올까요~
494,이중자막 좀 지원해주면 안될까요? 어려운거 아니잖아요 ㅠㅠ 이용자 수도 더 많아질 거예요
495,구독취소 부탁드립니다. 결제취소
496,정기결제 환불요청드립니다
497,가격대비 훌륭하다고 봅니다
498,혼자볼거라 스탠다드인데 화질이 너무 너무 안좋아요. 크롬캐스트 연결해서 티비로 보는데 1080 으로 잘 나오다가 흐려지고 멈추고 이게 반복되네요. 옛날에 한 번 구독했을때도 그래서 끊었던 것 같은데 어떻게 나아지는게 없나요? 프리미엄은 달라요? 큰 화면으로 재밌게 보려는데 오히려 화만 나네요ㅋ 다른 ott 는 한번도 이런적 없는데 너무 비교됩니다. 어쨋든 어떻게 해야되나요 방법이 있나요?
499,갑자기 이용권이 없다고 뜨는데 뭐죠???? 자동결재로 늘 이용하던건데????
500,결재가너무안돼고너무시급합니다 결재빨리고쳐주세요
501,구독 해지 누르다 잘못눌러서 이벤트 코인 받기 눌렀는데.. 코인 환불하고 해지도 가능하게 해줄 순 없나요? 이제 볼 것도 없는데 너무 무의미합니다... 먼저 1대1 문의로 코인 취소 후 해지 부탁드린다고 넣었는데 될지 안 될지 모르겠네요. 만약 이번 해지가 안된다하면.... 앞으로 웨이브 쓸 일은 없을 것 같습니다
502,쓰레기지만 그점이 마음에듭니다
503,저렴한 광고 요금제를 따로 추가하세요. 기존구독자한테 12월부터 요금인상 없이 구독하면 광고보라고 하네요. 이게 뭡니까? 기존 구독자 우대하세요. 저렴한 광고형 구독료를 따로 만드세요. 프리미엄은 차라리 만들지 마세요..
504,정기 결제가 되었는데 왜 적용이 되지 않아 이용권이 없다고 하나요??
505,결제했는데 왜 안돼요 결제 안된 줄 알고 구독하러가기 누르면 이미 구독 중이라하고 빨리 처리해주세요
506,복붙 답변도 성의 없고 전반적인 시스템 개선 의지조차 안보임. 쓰레기
507,아니 프리미엄인데 렉 너무 걸리고 화질이너무깨져요
508,해지해지해지해지
509,아니 이용권을 샀는데 개별구매는 왜 있는 거죠? 이럴꺼면 이용권이 왜 있는 거죠?
510,100원 이벤트로 알고 구매하였는데 잘 못 결제 된 걸 알고 환불하려고 하니 구글측에서 계속해서 환불요청이 안된다고만 뜨는중 7일이 경과하지도 않았고 미사용함 환불 해 주세요
511,베이직 이용하고 있는데 결제하려고보니까 9000원이던데 제가 알기로는 7900원으로 알고 있었거든요.요금이 오른건가요?아님 다른 이유때문인가요?
512,구글 결제엔 결제된걸로나오는데 웨이브 구독관리엔 이용권 없다고하고 결제오류 어떻게좀 해주시거나 환불해주세요 제발~~
513,결제 취소합니다!!그리고 월결제및 회원가입도 해지하겠습니다!!!
514,구독취소한지가 2달째인대 월드디즈니컴포니코 라는대서 2달째 9900원씩 빼가내요 환불신청해도 안된다하고 완전 쓰레기기입니다
515,해지 신청을 어떻게 하나요 해외에 있어서 결제하구 보는데 해외에서 보디 못한다구 나오네요
516,고객상담원도없어서 결제나해지 모든것에 문제가생길때 처리도잘안되고 문자로만 답을 받을수있어서 다시는사용안하겠음 중국드라마는 왜이렇게많은건지 ᆢ
517,결제는 됐는데 결제오류라고 이용권이 없다고 떠요.
518,구글에서 인앱결제했는데 베이직에서 스텐다드로 올릴려면 어떻게 하나요?
519,앱 진입이 안되요 계속 자동 종료되는데 언제 수정되는 건가요?
520,"버그도 너무 많고
넷플릭스 비교했을때
앱이 진짜 안좋음 편의성도 엄청떨어지고
자막이야 뭐.. 
다 그렇다 치고  영상재생 잘안되는 버그좀여.."
521,"구글 인앱 결제로 이용권 구매 되었는데, 이용권 확인이 되지 않습니다. 그리고 이용권 첫달 프로모션 페이지 누르면 구글 플레이 결제만 연결 되는데 제대로 방법을 알려주셔야지요.. 이용권 확인도 안 되서 보지도 못하네요"
522,결제하고 다했는데 왜 로그인함 계속 가입하라 하나요 ㅡㅡ
523,구독결제했는데 구독확인이안되서 안됨
524,구독취소안하면 끊임없이 결제시도되고 계좌에 돈있으면 결제 바로됨 환불연락 바로연락하니까 추석전날이라고 보지도 않았는데 일할계산되어서 3200원 날라감 차감한 기간만큼 시청은 당연히 안되고 ㅇㅇ 보실분들은 주의하세요 한순간에 소액결제 사기당한 느낌이네 시스템이 어이가 없네
525,이벤트2500 로 가입하기 하고 보니 9900원 결제가 되어 환불 요청합니다 뭔가 속은거같습니다
526,결제 후 무한로딩이라 앱이 열리지도 않아서 뭘 보라는지 모르겠음. 연휴라 결제했는데 문제 해결 후 다시는 사용 안 할 예정.
527,"결제는 됐는데 왜 보유한 이용권이 없다고 뜨는걸까요?? 분명 결제가 되서 돈이 나간 이력이 있는데, 다시 로그인을 해도 어플을 지우고 다시 깔아도 현재 보유한 이용권이 없다고 뜨는거죠? 다시 결제하려니까 지금 베이직을 이용중이라 결제가 다시 안된다 그러고 영상을 보려니까 이용권을 구매하라고 하고... 이거 어떻게 해야하죠..?"
528,돈만결제되고 설치도 안되고 뭐이런 쓰레기가 다있냐
529,결제했는데 미리보기만됨????
530,앱 쓰레기. 짜증난다.
531,해지하기 힘드네 구글 인앱결제 해지하라는데 구글에는 안뜨고 고객센터는 전화안받고
532,볼게 넘 없네요 업댓좀.....
533,구글결제토스로 결제를 했는데 3일뒤인가 취소가. 되어서 돈이 환불이됫네요 이유없이. 결제취소가된건지 이해할수가없네요 구글자체 문제면 여러사람들도 그런일이 있을수도 있다는 말인데 결제에 대해서 신경좀 써주셨으면합니다.
534,첫달 100원 + 2개월 50% 할인 혜택 적용되지 않았습니다.
535,해지하기 정말정말정말정말 힘듬 핸드폰결제해서 보다가 TV로 보려고하니 또 결제하라고함 그래서 또 결제했음 계속 보다가 일이바빠 tv를 거의못봐서 해지했는데 몇달동안 계속 결제가 되어있음 어! 내가 해지를 안했었나? 하고 티빙 보려고하니 또 결제하라고함 핸드폰 TV 2개 결제하라고 한것도 웃긴데 그것마저도 해지가 안되고 결제는 꼬박꼬박 해가고 컨텐츠 이용도 안되는... 별점 1개도 아까운 컨텐츠임 누가 티빙본다하면 도시락 싸들고 말릴예정
536,결제했는대 로그인 자체가 안되요..로딩화면만 어찌해야하나요
537,결제취소 좀 부탁드립니다
538,구매했는데 시청이 미리보기만됩니다 그래서 다시 재구매하니 구매한 이용권이라고 이것도 안되요 이용권구매한거 환불해주세요ㅡㅡ
539,nfl 다시보기 할 때 해설진들이 처음에 팀이랑 선수들 설명하는 부분 없애지마세요. 미식축구를 잘 모르는 사람들에게 그 부분이 꽤 보는 재미를 더해주니까 없애지마세요 ❌❌❌❌
540,구독해지 깜박했다가 자동 결제 됐길래 구독 해지하려는데 무슨 코인 이벤트 때문에 해지도 못하게 되어있네요. 이용 멈추고 환불 받고 싶은데 해지신청도 못하게 만들어두면 소비자에게 불리한거 아닌가요? 코인이 지급후 32일 만료라는데 코인은 마이페이지에서 보이지도 않던데 결제 당장 취소할 수 있게 해지접수 해주세요
541,결제 후 어플다운받았는데 무한로딩만 떠서 접속이 안 된지 어연 일주일째. 해결 좀 해주세오.
542,결제수단만 바꾸려고 했어요. 결제취소도 구글플레이쪽으로 넣어서 간신히 해결했는데 다시 구독하려고 보니까 첫달 할인혜택이 적용이 안되네요.
543,Hello im a user which joined yesterday my mom said hey lets quit netflix and try disney+ but when i opened the app it showed error code 83 and i think it is because im using Huawei im sorry to say this but im really sad that you guys disney+ are not doing for Huawei im annoyed and kind of sorry. I think if you guys fix this then i will give you a 5 star and if this is huawei's fault then i will erase this comment. Thank you(by 익명)
544,베이직 쓰는 중인데 화면 자꾸 비뚤어지고 10초 건너뛰기도 화면 자꾸 벗어나고 그래도 컨텐츠 다양한 것 땜에 참았는데 따로 개별구매해야 하는 것도 있네요
545,이중결제 됐다.프리미엄 결제 환불안돼겠죠? 핸드폰이 구형이라 안나와서 다시 결제했네요.다음달에 자동으로 2번 결제돼는건 아니겠죠? 한달만 시청하고 바로 해지 합니다.
546,결제까지 햇고 설치까지 했는데 안나오네요? 프리미엄 결제 설치 했어요.어서 보여주세요
547,요즘 렉이 많이 심하네요
548,결제 안하면 작품 뭐 볼수있는지 확인도 못함?; 뭐있는지 보고 결정할랬는데 대뜸 결제부터하라고 하고 나중에하기 누르니까 암것도 안돼네..
549,결제를 해도 로그인을 못 해서 돈 날림
550,구글 계정으로 자동연결 늘러도 젖속 자체가 안됨 ㅋ
551,환불해주세용 ㅋㅋㅋㅋㅠㅠㅠ 결제하고나서 렉만 엄청 걸려서 한편도 못보고 ㅋㅋㅋㅋㅋ 앱 들어가서 메인화면 나오기까지 10분 걸림 다른앱은 안 그러는데 이앱만 렉 걸리면 이건 여기 문제죠?
552,왜 홈에 제가 보던 목록들이 안뜰때가 있죠?? 의도적으로 숨겨놓으시는 건가요 너무 불편하네요ㅡㅡ
553,쓰레기앱 ... 아직도 개선이 안되었네..
554,고객센터에 두번이나 문의 했는데 몇시에 나오는거냐니까 오늘 내로 빠른시일내 나온다 이따위로만 대답하고 아직까지 안나오네 ㅡㅡ 이럴거면 왜 결재를 하고 보는거지???
555,이벤트 특가 첫달에 백원 2개월은 50%할인 이라더만 ... 왜 첫달부터 16000원 결제되나요??
556,이용권 결제 했는데 이용권이 없다고 떠요ㅜ 왜이러는거죠..
557,결제가 튕기면 안내 한 번 없이 자동해지되고 이전 결제가 복구도 안됨 사용자 편의성은 하나도 고려 안하고 만든듯 문의넣어봐도 도움 주기 어렵다고만 함 오래 사용했는데 서비스 최악^^ 이번 기회에 그냥 해지할게요..ㅎ
558,쓰레기
559,와우 멤버십 사자마자 다음달 해지 될때까지 쓰려고 해지했는데 또 결제하라고 하네요 이거 해지하면 한달정도는 쓰는게 보통아닌가요? 즂같이 장사하시네요 엿드세요
560,관리가 안돼네요... 티빙 가끔 보면 서버 터진것 마냥 들어갈 수도 없는대... 관리좀 제대로 부탁드립니다. 철인왕후 때문에 뎔제했는데....흐음....
561,갑자기 겁나느려짐 누르는거 하나 반응하는데 왜 십몇초 혹은 앱 멎음
562,쓰레기
563,결제까지 다 하고 시청하고 싶었는데 계속 오류가 나서 결국 보지도 못하고 어쩔 수 없이 해제하고 환불 받았습니다 아쉽네요
564,의도적으로 불편하라고 노력을 해야 만 나올 수 있는 결과물
565,결제를했는데 왜사용이안됩니까
566,결제하였는데 결제만 되고 적용이 되지않음 어플 다시깔고 뭐해도 소용이 없음 사기어플 안쓸거에요 그냥 깔지 마세요.
567,구독취소를 했는데 왜 정기결제를 마음대로 하시는건가요... 그래서 그다음날 바로 채팅으로 문의사항드렸는데 답도없구요. 빨리 환불해주세요.
568,결제하면 뭐하냐 접속이 안되는데 8월 초부터 접속 안되는데 아직도 수정을 안해? 미쳤냐?
569,결제가 안되는데 뭐 어쩌라는건지...
570,이용권 구매가 안되는데 새로 회원가입 한건데도 100원 구매가 안되네요
571,결제가 되었는데 볼수 없다고 하네요
572,결제가 되었는데 정상작으로 안나와요 통장에선 돈이 나갔는데 오류 라네요 어떻해야 하나요?
573,결제했는데 이용권이 없어요 해결 좀 해주세요
574,할인 프로모션 광고해놓고 하는방법 적어놓은거는 엉터리로 되어있고 최종결제에는 할인 미적용 금액으로 결제되고 그냥 엉망임 다시는 티빙가입안합니다. 여러분도 하지마세요. 고객센터는 전화도 안받아요 수고요
575,결제오류 먼저 한달에9천원했는데 갑자기 이용권이 결제오류 하고 2명꺼 한달에 1만2천원했는데 또 결제오류다고하고 답답해요
576,환불해주세요.
577,정기결제해지안되나요?ㅡㅡ
578,구독완료하기에서(마지막3단계) 안넘어갑니다 하.. 이미 결제도 했는데;
579,한달 100원 이벤트 있길래 누르고 들어가서 결제했는데 16000원이 그대로 결제됐어요 놀라서 바로 구독해지하긴 했는데 환불 어떻게 받나요?
580,해지하려는데 해지가 안됌
581,구독하자마자 오류라니요... 돈은 빠져나가고 재설치를해봐도 이용권구매하라고 뜨는데 먹튀하신건가요? 빨리 해결해주십시요 프리미엄 스탠다드 두개나 결재가 되버리고 기분이 좀그렇네요? 진짜 빨리해결해주십시오 이상한답변하지 말고...
582,2회선 카카오계정 으로 어떻게 봐야하나요?
583,이용권 결제가 안됨
584,"베이직 결제했는데 스마트티비에서 실시간보기가 안되네요 스탠다드로 다시 결제 하려합니다
베이직은 환불해주세요"
585,환불해주세요 이용권 구매했는데도 구매가 되어있다고 하였는데도 아직까지도 이용권 구매하라고 떠요 그리고 구매 또 눌러보면 정기구독 상태라고 뜨고요 어제 다시 결제 시작했는데 안될것같아요 환불해주세요
586,정기결제시 구글비번제대로쳣는데 틀렸다고뜸 구글가서 비번변경까지햇음 재설치하니됨
587,구매권를 결제를 했는데 시청이 안되네요...
588,해지가복작하노
589,제가 웨이브 이벤트를 통해서 석달간 값싸게 드라마도 많이보고 엄청 좋았는데 이벤트가 끝나니 가격이 부담이 되어서 곧바로 해지를 하였습니다 해지를 하려니 고객을 붙잡을려고 유지 할려면 코인을 지급하겠다는 말 나왔는데 무시하고 해지했습니다 그런데 저는 분명 해지를 했는데도 불구하고 한달이 지나자 자동결제가 여전히 되더라고요... 그리고 코인을 지급 받겠다고 안했는데 코인이 적립되어있고 그래서 다시 해지할려니깐 코인을 지급받은 후 32일동안 해지가 불가하다는 그런 어처구니 없는 안내창만 저를 반길 뿐이었습니다 정말 이럴수가 있나요?
590,개별구매 하려고 누르면 패키지 구매하라고만 뜨는데 하나만 보고싶어요
591,결제가 됬습니다 .. 취소/ 환불해주세요 이용안합니다
592,"베이직으로 해도 여러가지에 영화, 애니, 드라마를 볼 수 있어서 좋네요!"
593,보상
594,결제는되었는데 왜 구독실패라뜨나여 환불해주세요
595,결제 했는데 20분동안 로딩만 하고 실행 안됨 환불도 못하는중 식은땀만 남...
596,결제는 되었는데 적용이 안되고 구독 창만 뜨네요. 중복 결제 될까봐 환불요청한 상태입니다. 왜그런걸까요? 구글결제 했습니다.
597,결제취소처리가안됨
598,돈은 쳐먹고 관리 쓰레기네... 머이렇게 멈추냐 넷플의 발톱수준이네
599,정기결제 하려고 구글 비밀번호를 누르면 계속 틀렸다고 나오네요. 이것 때문에 비밀번호만 4번 바꿨어요.
600,결제했는데왜 이용권이없다뜨나요
601,결제가 됐는데 클릭하면 결제하라고 창이 뜨네요 구글페이에서는 결제 됐다고 하고 무슨경우인가요 ?
602,"베이직 사용한지 오래된 사람인데 오늘아침까지도 잘 보던게 이용권구매하라고해서 동시신청2명 결재했습니다. 새로고침 , 로그아웃 앱삭제후 다시 다운해서 로그인해봐도 이용권 구매하기가 뜨고 미리보기밖에안되고 결재가안돼서그런가해서 스탠다드 누르면 이미 구매가됐다고. 오류창뜨는데 보지도못하고 주말이라 고객센터도 연결안되고 오늘웨이브 못보는건가요? 하 답답하네요"
603,결제 했는데 자꾸 왜 미리보기만 뜰까요..
604,정기결제 했는데 갑자기 미리보기 되더만 또다시 결제해라고 뜨네요 저번에도 그러더만 그러면서 공지에 글적은것도 없고 불편한게 단두가지가 아님
605,환불을 해주세요. 앱다운도 안했는데 왜 카드에서 돈이 자동으로가져가나요
606,결제를 취소했음에도 결제가 되어있네요
607,저 진짜 웬만하면 리뷰 안다는데 진짜 너무 좋음. 전에 버튼 눌러야 적용되던 작은 화면 재생도 자동으로 바뀌면서 작은 화면에서도 앞뒤 조절되고 그 상태에서 하나 다보면 자동으로 다음것도 틀어짐. 진짜 최고에요. 개발자 분들 감사합니다!
608,멤버쉽 구독 취소 이런거 머한다고 구글에서 따로관리하고 앱 사용 불편하게 해놨노 에휴
609,구글 결제 가 안되는데요? 11월9일에 어쩌구 하던데요? 원인이 뭐에요?
610,개별구매 코인 수수료?가 너무 비싸요 10000원 충전하는데 14000원ㅋㅋㅋ. . 너무 어이가 없어서..ㅎㅎ 그냥 정기구독 취소하려구요ㅋㅋ...
611,구독 취소하고 결제 끊으려는데 더럽게 복잡하게 해놨네요
612,이벤트 참여하고 결제했는데 몇분째 이용권 업데이트가 앱에서 안되서 시청을 못하네요
613,결제했는데 계속 미리보기만 나와요ㅡㅡ 빨리 처리해주세요
614,구독취소를 하고 싶은데 관리에 들어가지지가 않네요.
615,제가 엘지 지패드 사용하는데요! 앱시작시 (-9)에러가 발생되네요! 왜안되죠?
616,이용권 구매를 했다가 바꾸려고 취소를했는데 1년짜리라 계속 걸려있어서 다른 이용권으로 갈아탈 수가 없습니다. 이거 어떻게 하나요?
617,첫달 구매 100원 프로모션 구매시 주의하세요 프로모션 이용중 다른 등급으로 변경시 추가금이 아닌 변경하는 이용권 금액으로 추가 결제 됩니다 1분을 이용하든 10일을 이용하든 똑같습니다 환불문의걸과 한편을 1분이라도 시청하면 환불은 안돼고 1달은 강제로 사용해야하는 상황이 생깁니다 첫달 100원 이용중 다른 등급으로 변경하지마세요
618,환불 해주세요 만료기간이 11/15일인데 오늘이 14일인데 오늘 결제가 되어버렸어요 오늘 결제 취소할려고 했는데 취소하기도 전에 결제가 되어버렸네요
619,결재도 하고 앱을 깔았는데 로딩창만 뜨고 앱이 안 열려요... 왜 이래요?
620,스탠다드는 hdr 미지원이지 않았나요? hdr싫어해서 스탠다드 구독중이었는데 이제 스탠다드도 hdr 지원하나봐요.. 화면 진짜 너무 어둡게 나와서 보기 불편해요. 제발 hdr 끄는 기능 좀 나왔으면
621,"티빙으로 정기결제 받아놓고, 해지는 구글에서하라구요? 진짜 번거롭고 답답하고 왜이따구로 만드셨는지 모르겠는데 다시는 티빙결제 안하려구요 어디서 결제해지하는것도 겨우찾았네요"
622,고객센터 직원들 응대도 성의없고 앱도 오류투성이임 최악ㅡㅡ
623,별 하나도 아깝습니다. 다른 ott전혀 문제없는데 오직 쿠플만 영상 시청중 끈김현상이 발생해요. 이렇게 관리안할꺼면 ott서비스를 하질 말던가 보여주기식으로 할꺼면 그냥 접어요. 사용하는 사람 짜증나게 하지마시고요. 할꺼면 제대로 합시다 우리.
624,7일 이벤트로 첫달은 100원이고 다음 두달까지는 50%할인이라 하여 구독하기 되었는데 100원은 커녕 원래 패키지 금액대로 되어서 그 광고를 본곳으로 타고 들어갔는데도 1100원 할인해주고 41%할인인 것을 보았습니다.이럴거면 처음에 100원이라고 적으시면 안 되는 거 아닌가요?아까운 돈만 버렸네요.
625,프리미엄 구독을 통해 잘보고 있었는데 결제를 했는데 프리미엄 구독이용권은 없고 결제시 오류가 있어서 안됐나보다는 생각에 결제하려고 하니 이미 구독중이라고 뜨네요 돈은 돈대로 주고 보고싶은건 맘대로 볼수가 없네요 지금까지 잘 사용하다가 갑자기 이런일이 발생해 황당합니다.
626,스탠다드 요금제 영화 신작 업데이트가 너무 안되네요 볼만한 영화가 너무 없음 인간중독이 인기 2위...실화냐?
627,이용권에서 화질 가지고 장난질 치는 건 또 처음 보네요...그냥 안 볼란다
628,구독취소 겁나 어렵게 해놨네.. 티빙에서는 구글 플레이에서 탈퇴하라던데 방법 모르게 해서 취소 못하게 하려는 심보가 진짜 괘씸하다 구독 취소하는 방법 알려주시죠?
629,이용권 구매 했는데 계속 이용권 미 사용중이라고 뜨고 미리보기만 나와요
630,"여러분 구매하고 알았는데 인기영화들(ex:토르 러브앤썬더,겨울왕국등)은 유료로 개별구매 해야합니다...차라리 다른 어플이 나아요...48시간 빌리는데 개당5500원에서 11000원까지..."
631,정기결제 하루 전 취소했는데 요금이 계좌에서 출금 되었어요 환불바랍니다
632,결제 취소좀 부탁드립니다 전화도 안되고 ㅠㅠ 잘못 눌럿어요 1년치가 결재가되서 당황했습니다 어플에서 구독 취소했어요 결제 취소좀 해주세요 렉도 엄청 심하고 버벅 거리다 넘어가구요 티비랑 연동했지만 엄청 심하네요 구독 취소해주세요 안보고싶네요
633,해지 취소하면 코인 준다해서 받았더니 나중에 다시 취소하려면 32일 기다려야 한다내요. 어쩔수없이 한달더 결제해야하네요. 다른분들은 절대 속지마세요.
634,결제를 잘못하였는데 취소 부탁드립니다
635,결제취소가 안됨. 정기구독 취소하려고하는데 사이트에서 나오는방법대로해도 진행이 안됨
636,480p 같은 720p 다른 ott에서는 베이직 720p 깔끔하게 잘 나오는데... ㅉㅉ
637,정기 결제 중인데 돈은 빠져나갔는데 앱 내에서 이용이 안되네요... 3초 미리보기만 가능해서 앱 내에 문의를 했더니 조치가 어렵다 구글에 문의해라 하고 구글에 문의했더니 환불 조치는 안된다고 이야기하고.. 어플 개발자한테 문의하라고 하고 그러면 한달 내내 이용도 못하고 12500원은 날려야하는 걸까요...?
638,이용권변경하고싶은데변경도안되고 상담원연결자체도없고 어디다물어봐야하나요??
639,프리미엄 구독권 결제했는데 결제만 하고 사용이 안됩니다 빠른시일내로 고쳐주세요
640,고객센터 짱!!!!즉각처리 너무 빨라요 너무 친절하시고 너무 좋습니다
641,결제해지불편 로그인 인증도 불편
642,"구매하기 눌러서 사용자 인증 해야
할 수 있대서 했는데 계속 하라길래 한 3번
했는데 안되네요 개빡치게......"
643,결제만 되고 사용을못하였어요
644,환불요청이요
645,구글 수수료 때문에 웹사이트나 원스토어에서 다운 받은 거에 비해 결제 가격이 비싸네요
646,쓰레기 어플 자막이나 좀 제대로
647,지방송 볼려고 결제한거인데 왜 똑같은 광고만 계속나오는겁니까 적당히 나와야지 진짜
648,탈퇴어떻게 하나요? 아무때나 가능하다더니 실제로는 안되네요
649,환불됐다고는 뜨는데 돈이 안 들어와요
650,해지 했다 다시 구매할라고 하는데 자구 오류라 뜨네요 어떡해 하나요
651,해지하려다가 코인쥰다눈거 잘못눌러서 해지못함 강제로 뭐 이딴 어플이 다 있음
652,결제가 중복으로 두개 되었는데 어떡해야 하죠? 하나는 환불 안되나요? 12월 9일날로 두개의 계정에서 결제 되었어요
653,결제 해지 개빡셈
654,해지하기어려움.지금도 못하고 있어요.
655,정기결제해지하려고하는데 어떻게해야되나요
656,Ui 와 역대급 쓰레기ui다
657,상담원대신 문자카톡으로 답장오는데 답답합니다. 단말기변경으로 이용권을 다시 구매해야했음. 이게 맞는건지 궁금해도 무슨 봇이 답장옴 어이없음
658,오늘 아침에 자동결제가 되어서요! 지금은 앱스토어에서 구독은 해지했는데 앱에 들어가지 않았습니다!! 환불 가능할까요?
659,개별구매하라는게 넘많음
660,결제를 매달 해왓는데 갑자기 미리보기만 되는거 무엇이죠..
661,결제했는데 자꾸 이용권없다고 떠서 구독취소했으니깐 환불해주세요 ㅡㅡ
662,구걸을하던가 결재를해도 또돈달라카네 개 쓰레기같은 어플
663,환불부탁드립니다
664,환불 할려고 하는데요
665,결제했는데 왜 이용권이 없다고 뜨나요? 무료도 아니고...
666,왜다들별로라고하는지알겠음... 내가 즐거우려고 보는건데 티빙은 볼때마다 짜증남.... 로딩도너무길고...놓친거같아 10초전만 눌러도... 와진짜 괜히눌렀다할정도로 버퍼가장난없음... 그냥 지우는게 답인거같아서 기간 남아도 안보려합니다ㅠㅠ
667,결제에러가나서 구독취소하였으나 환불되지않았습니다 환불부탁드립니다
668,결제만 되고 이용권 구매가 안돼요 저희 아버지 돈만 날라갔어요 이거 보상해주세요
669,100원 이벤트에 들어가서 결제했는데 정액결제되고 환불도 안되네요ㅡㅡ
670,결제 하기가 너무어려움
671,결제내역을 어플의 계정-멤버쉽에서 확인하라는데 내용이 없습니다.
672,계정 잠금 기능이 있었으면 좋겠어요....!!!
673,세상에 이런 앱은 처음보네요 정기구독 베이직 9000원짜리 결제했는데 이용권은 없다고뜨고 환불하는건 없고 한번 더 결제할랴하면 이미 가지고있는 이용권이라고그러고 ㅋㅋ 돈먹을라고 작정한 앱인가요
674,베이식 이용권 9000원이 어제 빠져나갔는데 이용권이없다고뜨네요
675,"구글 핸드폰 자동결제 신청했는데 핸드폰 소액결제는 되었고, 로그인 나의정보에서도 정기구독으로 나오는데 막상 시청하려고 컨텐츠를 누르면 결제하라고 나오네요. 시스템오류 같아요. 결제는 되었는데 컨텐츠는 하나도 볼수 없네요. 정기구독 취소했습니다. 프리미엄 16,000원 어떻게 보상받나요."
676,이용권 눌렀더니 아무런 화면이 안뜹니다. 이용권 선택하고 구매하기 누르는 창이안떠서 못쓰고있습니다..
677,이용권 구매가 안되네요..?
678,결제가 안됨 버근가
679,쓰레기 에러천지. 돈 쳐받겠으면 에러부터 없애라 티비에서 한방에 켜지는법이 없어. 이런 쓰레기
680,이용권구매화면이뜨지않아불편함
681,100원 혜택 받고 결제하고싶은데 이용권 결제가 안됩니다 이용권 구매로 가면 주의사항만 나오고 베이직 프리미엄 이런 창이 안떠요
682,이용권 구매가 안되네요 구매하려고 했는데 구매 목록이 아예 안떠요...
683,"갑자기 가로화면에서 다시 세로로 돌아오지 않네요 핸드폰을 기울이면 왔다갔다 했었는데... 핸드폰에 가로화면 잠금은 당연히 실행, 해제 다 해봤어요"
684,더럽게 못만들었네. 걸핏하면 연결끊기고 핀번호 안맞다거뜸. 쓰레기네
685,불편하다는사람많은데 이정도면 원래대로해놔야되지않나요?양해해줄맘도없구요 돈주고보는데 불편함을감수하면서 돈주고봐야하나요? 답글도 그냥형식적인답만하고있네요 시간초가안가는데 영상은흐르고 넘어가있고 세로화면두안되고 뭐하자는건지 이런업뎃은왜하나요?
686,정기결제 해제가 매우어렵습니다 하기전 심각하게 고민해 보세요
687,장난치나 왜 갤럭시탭s2는 안뜨는데? 웨이브빼고 모든 방송어플 다뜬다 뭔데? 돈은빨아먹음서 주말은 전화쳐안받고 서비스개판이네 진짜
688,구매내역이 없다고 뜨네요;; 미리보기밖에 안되서 이용권을 샀는데 결제되서 돈은 나갔고...구매내역은 없다그러고...이거뭔가요. 피싱시스템마냥ㅠ;;;
689,해지하고 싶을 정도로 업뎃이후 매우 불편합니다. 원래 리뷰 남기지 않는데 남겨요. 라이브 방송은 전체 화면으로 못 보게 하질 않나... 도대체 웨이브만의 좋은 UI놔두고 왜 구려졌나요?? 방식도 넷플릭스 따라한 느낌이구요. 웨이브 켜기가 싫어집니다.
690,결제했는데도 또 결제하라하고 에러가 계속되네요 짜증나서 볼수가 없네요
691,해지가 안돼요 구글계정으로 설치됐다는데 구글 정기구독에 없음 그 어떤 계정에도 근데 돈은 빠져나간답니다?
692,그냥 쓰레기군요 화면이 나가버리는데 어떻게 보나요. 깔자마자 어플제거네요. 겉만 번지르르..... =_= 걍 쓰레기
693,스탠다드에서 베이직으로 바꾸려하는데 자꾸 안 되네요 왜 이런 거죠? 답변 부탁드려요;;
694,"베이직 정기권 사용중인데, 제 폰으로 다른 볼 일이 있어서 볼일 보면서 시청하려고, 다른 폰으로 제 아뒤 접속해서 시청중이던 프로 누르고 보려고 하는데, 자꾸 결제하라고 뜨네요?"
695,이용권변경하려면 찾기힘듬
696,호환성스레기
697,결제가됬는데 잘못된 티빙 로그인이라고 못보고있는데 어떻게 해야 하는지 몰라요
698,태어나서 처음 리뷰 남겨봄. 중간에 보다만 영상은 나중에 다시 재생하면 무슨 짓을 해도 재생이 안됨. 쓰레기 라는 표현도 쓰레기한테 미안함.
699,구글에서 결제를잘못하여 취소하려고하는데 이틀안에취소된다고해서 빠르게했는데 왜환불안되나요 ㅠ잘못눌러서 큰금액이 결제되었습니다.
700,이용권을 구매했음에도 자꾸 이용권이 없다고 떠요
701,베이직 폰결제 했는데요 외 자꾸 결제하라고 하는데요 환불해주세요 빨리환불해주세요 불편해서 볼수 있겠어요
702,이용권 한단계업그레이드(스탠다드)하고싶어서 카드결제 해서 이용하고 있는데 갑자기 전에 이용하던 베이직이 자동결제가 되었어요 환불부탁합니다 제발요 돈 다시 돌려줘요 내 9000원
703,쓰지마세요 그냥 쓰지말라면 쓰지마세요 자동결제해지도 더럽게 불편하고 자동유지이벤트고뭐고 그딴거로 돈 더 빨아먹으려고하는 앱입니다. 걍 쓰지마세요
704,구독전에는 아무이상없다가 구독하고 다음날 귀신같이 무한버퍼걸려서 쓰지도못하는중임 고칠생각이없나?
705,환불 승인은 됐는데 요금은 환불 않됐네요. 9천원 빨리 반횐요청 드립니다
706,아니 돈만 먹음 정기 결제 베이직인가 그거 했는대 이용권이 없데 그래서 결국 해지하고 스탠다드로 했는데 그것도 안됌 이거 맞아? 저기요 관리자 분?
707,결제는됬는데 이용권이 없다고 못보고 설연휴라서 고객센테는 쉬고 .. 캡쳐한거 메일보내놨어요 확인해주세요
708,호환성 쓰레기
709,환불해주세요. 보지도않았는데 환불요청하니 환불도 안되고 심지어 고객센터는 전화도 안받네요 ㅋㅋㅋㅋㅋ
710,요금인상한적없다구요??스탠다드10900원에 정기결제로 이용하고 있었는데 23일에 갑자기 이용권없음이라고 떴어요 다시 이용권쓰려니까 스탠다드12500원으로 바뀌어있네요?? 가격인상 좋아요 요즘 안오르는게 어딨나요???근데 이용권이 인상되거나 다른이유가 있으면 공지부터 해줘야되는거아니에요?? 보고있는데 밤12시 지나니까 영상안되서보니 이용권없대지 새로결재하려니까 12시라 은행안되지 문의남기니까 요금올린적없다네ㅋㅋㅋ참나 티빙에도문의남겼는데 답이없어요 웨이브나 넷플 왓챠 다 이런적없는데 응대도 제일별로네요ㅋㅋㅋㅋㅋ
711,방학 때마다 잠깐씩 볼려고 베이직 광고형 구매 했어요 근데 요즘 볼게 많이 줄어들었더라고요 티빙도 같이 하고 있는데 티빙 진짜 볼 거 엄청 많아서 갈아탈려고요 광고도 적당히 있어야지 50분 영상 보는데 4개 들어있었습니다ㅎㅎ 직방이 영상 주제 였는지 깜빡 했어요 ㅎㅎ 그와중에 한소희 미치겠더라고요 넷플 잘합시다❤️
712,해지가 너무어려움 안된다고만하고 자기가 알아서하라고만하고 너무함
713,고객센터 짱짱
714,어플로 이용권사지마세요 돈먹습니다 고객센터랑 전화만 몇번짼지 프리미엄16000원결제하고 환불만 계속받네요 ㅋㅋㅋ
715,관리좀 똑바로해라
716,이용권 결제가 됐는데도 서비스를 이용할수가없네요ㅠㅠ 정기결제할때는 하루미리결제하면서 결제후 이틀동안이나 서비스가 안되고있네요ㅠㅠ계속 구독관리만뜨고
717,분명 예전에 문의땐 아무나랑 공유가능하다했는데....적자났는지 같은 ip만 된다하고ㅎㅎ그럴거면 누가 프리미엄보다 낮은 요금제해서 돌려보지....이제 다시 깔일은 없을듯..한국에 망사용료도 안내고...
718,탈퇴하기가 겁나어려움..
719,해지해야 되니까!
720,결제를 했는데 사용이 안됩니다
721,"해지방법 최악, 일단가입시키고 해지 못하게 해서 피를 빨아먹는 악덕 기업"
722,"가격 올리고 공유하기 없애고 더러워서 아마존 or, 디지니 간다^^"
723,결제했는데..미리보기되네요
724,많이 사용하지 않는 동작을 최소화 하다구요? 헐.. 이 앱에서 젤 많이 사용하는 동작일걸요? 개발자가 안티던지 아님 이 앱 사용 안 하는 사람이던지 그렇겠네요. 바로 전체화면 나오면 안 되는 경우도 있어요. 사람이 각자 처한 상황이란게 있자나요. 일일이 다 말할 수도 없고 어휴... 어쨌든 기본적으로 사용자가 가로든 세로든 선택을 하게 해줘야 된다고요. 회차정보도 접근 어렵고... 좀 더 기다렸다가 안 되면 떠나야죠 뭐.
725,가격인상도 더불어 이제는 한가구에서만 공유를 해야한다는게 법적으로 제시가 되있지도 않은데 본인들 돈 더모을려고 지금 수작부리는거잖아요 넷플릭스의 배신 잘봤습니다
726,구독자 기만하지 마세요. 스민장미 때문에 해지함. 편집그따구로할거임? 개양심없어
727,결제가 뜨지않네요
728,정기결제 해지하는거 겁나불편하게해놨음...어떻게든 해지못하게할려고ㅎ
729,좋긴 좋은데 매달 돈 내고 보는건데 불법 사이트보다 로딩이 느리면 어떻게 하나요...ㅠ
730,환불해준다더니 하루동안 환불이 안되고 맴버쉽은 끝나고 장난치나 ㅋㅋㅋ
731,돈내고쓰는데 무한로딩때문에 못본지 일주일 쓰레기중에 쑤래기
732,결제했는데..ㅜ 테블릿에서 안깔림. 테블릿 조건 다되는건데 왜안깔리는건데???. 넷플릭스 잘 보다가 한두달 디즈니 볼까.. 했는데 완전실망 ㅠㅠ
733,티빙 결제가 됐는데(베이직) 티빙을 틀면 이용요금 결제하라는 문구가 뜨면서 구독이 안되네요
734,결제했는데 구독권이 없다뜨네요 다시 결제하러가보니 이미 결제됐다고 하고 뭐 어쩌라는건가요 로그아웃도해보고 어플재설치해보고 해도 다안되네요
735,구독결제 활성화 엉망진창 결제는 됫는데 어플은 구독하라고 뜨고 지웟다 깔앗다 속에서 열천불
736,고객센터운영시간이랑 일정이 안겹치는 사람은 돈내고 호구되네요ㅎㅎㅎ
737,"잘 사용하고 있는 유저입니다. 스탠다드 한달 끊었구요. 근데 w original이나 w only라고 적힌 작품들이 재생이 안되요ㅜ 터치하면 계속 로딩화연 뜨고 재생이 안됩니다. 그 작품 보려고 월권 끊은건데... 왜 그런지 좀 알려주세요ㅜ 투윅스(일본편),치얼업 등등 재상이 안됩니다ㅜ"
738,구글에서도 결제하고 카카오페이에서도 결제로 이중 결제 됬는데 취소 부탁두립니다
739,결재할때마다 오류난다
740,탈퇴하기힘들다
741,정기 결제했음에도 왜 이용권을 구매하라고 할까요?? 돈은 돈대로 나가고
742,정기 결제 해지하려고 하는데 뭐 잘 못 눌렀더니 해지가 안돼요ㅠㅠ 코인 만료 뭐 막 그러는데 해지하고 싶은데 어떻게 안될까요?ㅠㅠ
743,전화오면 멈춰요
744,카지노 볼라고 월정액 결제했는데 카지노 찾을수 없다!? 아 XXX들 장난질이네
745,TVing Stick 팔아먹고 일방적 서비스 중단. 너무 무책임한 것 같아요. ㅡ.ㅡ
746,전체 화면밖에 실행이 안되서 해지
747,해지버튼클릭해도 안먹히고 참…
748,계정을 탈퇴했는데 계속 결제가 됩니다 환불 후 빠른 조치 부탁드립니다.
749,구독 취소하고 싶은데 앱스토어에도 안뜨고... 앱도 지웠는데 자꾸 결제시도가 뜨네요. 그 카드에 돈이 안들어있어서 돈은 안나가긴 했는데 이거 어떻게 멈춰요
750,환불요청은 어떻게해야하나요? 1년구독 취소했는데 1년치가 갑자기 결제가 되던데요. 그냥 사용안하고 기다리면 환불되는건가요?
751,첫달 100원 이용권 사용 후 취소했다. 화질이 안 좋았다. 옛 영화 화질 보정도 안하는 듯 싶었다. 취소후 2개월 더 이용해보고 싶었다. 문의했고 이벤트는 취소로 인해 사라졌다 안내받았다. 내 잘못이긴 한데 넷플릭스는 아주 오래전 무료 한달 사용이벤트 할 때 내 잘못으로 중반에 취소되었지만 문의하자마자 1달 무료로 다시.갱신해주었다. 웨이브는 그런것이 없나보다. 첫달 100원이용 후 2개월 ×%할인 이벤트 취소하면 끝인가보다
752,"이벤트 내용을 명확히 고시를 해줬음 합니다. 한달 100 + 두달 50% 내용 보고 앱으로 결제했는데 그냥 스탠다드 12500원 결제되버렸네요. 저는 선 결제되고 청구되는 이벤트라 생각되서 일단 결제 해봤습니다만, 아니었네요.. 홈페이지로해야 되는 이벤트였음 명확하게 표시를 해주시던가 아니면 앱에다 그 이벤트 표시를 하지말던가 하시지 그 이벤트 마케팅보고 결제한건데 이번에 결제해서 오래동안 볼려했는데 마음싹바뀌었네요.. 좋은 컨텐츠 드라마 갖고계시면 뭐합니까.. 보고싶은거 많았는데 1달안에 다보고 구독취소하렵니다."
753,구매 누르면 인증 하라는데 인증해도 계속 뜸
754,융통성하나도없는 쓰레기 ott
755,베이직 결제했는데 1분보기만 나옵니다...
756,이용권 오류 자주나요
757,결제는 되었고 사용은안되요
758,결제 관련해서 오류가 너무 많다
759,정기결제는 분명취소했는대 갑자기 지혼자 결제됐다. 해지쉽게좀 만드세요.
760,아니 업뎃한이후에 짜증나게 한국말이 영어통역해나오는데 어떻게해야하는거져
761,결제를 할려고하는데 결제가 안되네요 오류가있어서 다시 시도하라네요 오류를 고쳐주셨으면 합니다
762,"구독취소했는데 왜자동결제가되는거죠
디즈니플러스앱은 이미 못보게 되있는데 
결제만되고 환불해주세요"
763,구독권 변경/취소 다 정말 직관적이지못네요. 베이직 구독권으로 빔 안봐져서 구독권을 스텐다드로 변경하려하니 구매한지 십분도안됬는데 변경/취소가 안되요. 구글-사이트 빙글빙글 돌게만만들어요;; 구독권 취소해주세요. 몇년전하고 바뀐게없네요... 여전히 설명도 직관적이지못하고 불친절해요
764,결제가 두번 진행 되었어요. 스탠다드로 결젯했는데 안되어서 다시 결제했더니 되네요. 총 2번 결제 되버렸네; 중복결제건 환불 어디서 봤나요?
765,베이직 이용권 결제는 되었는데 이용권이 없다고 하는건 무엇인지? 황당네요;; 고객센터는 연락도 안받고 운영개선 필요해 보이네요! 금욜에 결제해서 주말에 편히 보며 시청하려고 했는데 미리보기만 되니 이게 뭡니까?!
766,이놈들은 감옥지구에 존재하는 모든 범죄 기업 중에서도 가장 더러운 쓰레기 중의 쓰레기 기업으로. 사악한 뱀대갈통 쓰레기들과 함께 감옥 지구에다가 파충류 판타지 월드를 만들고 싶은 중범죄자 놈이 운영하는 최악의 쓰레기 기업.
767,개별요긍이라니??!!!! 더구나 월정액으로 돈 나가는데 개별요금까지 내라는건 종.... 다른 OTT 보다도 불편하고... 결제한 다음에야 개별구매를 알아버렸으니... 진짜 후회됨. 이번달만 쓰고 다시는 결제 안 할듯ㅜㅜ
768,왜 이 어플만 사용하면 핸드폰이 이상해지는건가요? 핸드폰 화면 지멋대로 터치되는것처럼 움직여서 누가 폰해킹하거나 원격조종하는줄;; 렉 걸려서 화면 터치도 제대로 안되서 폰 재부팅하게 만들고 이 어플 때문에 폰 망가지면 책임져주나요?
769,매우 만족스럽다. 강력하게 추천한다. 티빙의 오티티의 대세다. 별밤몽키가 추천합니다. 강력추천. 좋은 하루되세요!
770,탈퇴 못하게합니다 10만원식빼가면서 취소도 안되고 돈만빼갑니다 쓰지도 못해요
771,Ott중에서 가장 10 페급 쓰레기 폐지 각
772,통화중 재생이 안됨ㅜ
773,해지 시켜는게 계속현금이빠져 모르고있다가 다시해지 하려하니 아이디를 잊어버려 가려쳐달라니 앞에와 땡땡만 붙여서 들어가게도 못하게 하고 전화문의 하려니 녹음목소리만 계속나오고 이거 본사로 가야 하나 고민중
774,정기권으로 계속 매달 돈이 나가는데 이번에 돈 나가고 들어가보니 이용권 미지급되어있네요
775,신청하고 해지하기 개힘듭니다 아직도 못하고 있는 중
776,결제 토스도 넣어주세요..
777,이용권해지했는데 환불 부탁드립니다...
778,해지하고싶은데 아무리찾아도 해지가않되요 연락할수있는방법도없고 몇달째 뭐하는짓인지
779,환불요청합니다. 회원가입전 영화 크루서블이 있기에 티빙가입했더니 컨텐츠찾을수 없음이. 나와서요. 아이 숙제때문에가입한건데 사용일수계산해서 환불요청합니다.
780,"원래 베이직 쓰다가 스탠다드로 바꿨는데
화질 1080으로 바꿨더니 오히려 화질이 안좋아지고, 앱 자체로 로딩 심해지고 재생이 잘 안되는데 이게 대체 뭐때문에 이러는건가요"
781,pc로 베이직 결제하면7900원인데 핸드폰으로 베이직 결제하면 9000원이나되나요 핸드폰도 똑같은 가격으로 해야되는거 아닌가요 똑같은 베이직 인데 핸드폰가격 너무 비싸네요
782,환불 해주세요
783,해지신청 씹어먹고 자동으로 결제되는 클라스ㅎㅎ
784,쓰레기 앱. 싸게 1년 구독했는데 개 쓰레기 앱이네. 돈 아까워~~
785,결제유인 역대급 볼만한 영화는 죄다 유료구매
786,결제를 안하면 로그아웃도 안되나요?가족중 다른 아이디로 접속하려고 티비에서 로그인 시도했더니 접속도 안되고 로그아웃도 안되고 결제하라고만뜨네요
787,안되노 되다가 안되다가 쓰레기 네
788,이 양반들이 가만히 있었더니 사람 바보 만드네 정기구독 스탠다드 프리미엄 두곳에서 정기 결제로 돈 빼나가고 있네 23일 스탠다드 25일 프리미엄 몇달인지 몇년인지 결재 내역 확인 다시해보겠지만 대단한 사람들이네 확인 못한 나도 잘못이지만 회원이 스탠다드 정기결제하고 프리미엄으로 업 결제했으면 당연 스탠다드 결제는 사라지고 프리미엄 결제로 전환 되는거지 대체 몇달이나 이렇게 결제 나간건지 방통위나 소비자 단체 고발 문의 예정
789,관리자님 제발 도와주세요 몇개월전 디즈니플러스 결제를 하고 앱을 지웠는데 아직까지 결제가 이어지고 있고 로그인해서 한번 막아보려는데 계정을 못찾겠고 비밀번호 재설정도 하려는데 문자가 안와요 스팸함이 뭔지도 모르겠고요..
790,실틈없이 보고있어요 너무좋은 영화가한가득
791,해지 버튼이 안눌림
792,아니 그러니까!! 스탠다드 이용권이 초고화질 이용권인데 화질이 왜 저화질이 되있냐구요 지금 ? 안그래도 비싼데 그리고 vod 개별구매는 굳이 또 종료시키고 vod 이용권 얼마나 또 비싸게 해둘려고??
793,결제 취소하려면 어떻게 해야 하나요? 로그아웃 밖에 없어서 쿠팡플레이 사용 안 하고 있는데 계속 결제가 되네요.
794,웨이브 프리미엄을 구독했다가 실수로 구독해지를 눌러서 한달간만 구독이 유지된다고 나왔어요. 3개월 동안 7000원에 구독할 수 있었는데 다음달부터 다시 구독하게되면 원래 가격으로 구독하게 되나요? 구독취소를 취소하고 싶어요~
795,탈퇴가 안되네 ㅡㅡ
796,4달동안 자동으로 이용권 결재가 진행됬던데 사용하러 들어가니 이용권은 사용중이지도 않고 비록 작은돈이지만 빼먹힌 느낌이라 좋진 않네요...
797,자동결제하고 이번달 한번도 안봤습니다 방금 해지했고요 환불해주세요
798,64 4박스 수 ㅡㅡ와 ㅡㅜ 놨다 ㆍ 갑자기 왜 ㅣㅣ 뇨미뇨미 나 나 집 ㆍ
799,앱 설치하고 이용권 결제했는데 돈만 받고 이용권은 적용이 안되어있네요 신종 사기 수법인가요??
800,"기간내 결제시 첫달 100원 이라고해서 결제 했는데 ㅋㅋㅋ 12,800 결제나감 장난하는건지 소비자 희롱하는건지? 결제 12,800원이 아까워서가 아니라 사기같아서 정떨어져서 바로 탈~~~다시는 가입안함 혹시나 해서 그때 결제시 스샷까지 찍어놨는데 결제 할때는 100원으로 찍혀있네요? 사진첨부하고 싶은데 여기는 사진첨부하는곳이 없네요"
801,코인도 필요없는데 빨리 해지하고싶습니다
802,요금 너무 비싸다 혼자 이용자 부담이 크다
803,쓰레기앱이야. 진짜 소식으로 영화를 알려주지 않고 거의 거짓말 했찮아요. 야 진짜 영화 만들는 거야. 아니면 쓰레기 만들는 거야 정신자려 해봐. 알았어. 새기야
804,구독취소 구글플레이로 하래서 아무리 찾아도 없고...강매인가 사기꾼들인가
805,결제가 안되소 티빙으로 변경 여러분도 티빙하세요~
806,이용권 결제진행이 안됩니다...
807,정기결제된 금액을 환불받고싶어요 해외에 거주하게 되어 시청이 불가하게 되었습니다. 설상가상 앱에 접속되지도 않아요 저는 4월 정기구독일 전에 이를 취소하고싶다는 메일을 여러차례보냈습니다. 여기서도 영어로 고객센터에 연락했지만 한국과 서버가 다르다고 한국서버로 메일을 권하더군요 그후 다방면으로 연락을 시도했지만 역시 모든 방법이 차단되어 있어요. 저는 4월 결제가 되고 단 한번의 시청도 할 수 없었습니다 또한 결제일 전 취소하고싶다는 메일도 보냈지만 4월 결제는 이뤄졌습니다 미리 방법을 찾았음에도 이용서버는 막히고 구독료만 지불하게되어 몹시 유감입니다. 때문에 저는 4월 구독료를 환불받고싶습니다 답변 부탁합니다.
808,구글자동결제인데 이용권변경은 어찌하나요?
809,멤버쉽해지는 당췌 어딨나요? 시키는대로 계정들어가면 멤버쉽취소는 안뜨고 연간멤버쉽 전환만 보입니다. 고객센터 질문남기는경로도 안보이고. 다 자동답글 링크뿐. 답답해미치겠네요.
810,구독 가격 올리고 지인 친구 가족 인원 수가 많으면 저렴 하고 혼자 가입 해서 보면 구독 가격 비싸고 그러면 가격 단합 공정거래위원회 신고 할 예정입니다
811,첫달 100원이라길래 결제햇는데 16000원 빠져나가고 해지했어요 계속 결제하려 햇는데 기분나쁘네요 인증 다했는데
812,결제취소하기 겁나 어려움
813,결제 수단
814,"이번 ui개선이 오히려 더 불편해졌습니다,,,다시 예전처럼 해주세요,,,지금버전은 번거롭고 불편하여 사용성이 떨어집니다."
815,뭐이리 찾아보는게힘들게만든건지ㅡㅡ요금제에 끼어팔기나하고 폴드 쓰레기폰에 다시노트로가야지 이건뭔 누누가그립네ㅜㅜ
816,결제하려니까 이미 이용중이라고 뜨고 어쩌라는건가요? 이용중이라길래 결제는 막혀있고 이용권이있나? 하면 또 이용권은 없고; 너무 불편하네요 뭐가 문제인건지...;;
817,구독취소 모바일에서 왜 안 되게 한거야!
818,결제를 했는데 이용권이 안들어와요.. 환불좀 해주세요...
819,공포영화 있는게 1도없네요 볼만한 것도 다보고 공짜사이트보다 있는게 없네요; 스탠다드로 쓰면서 까지 볼정도는 아니고 광고형 베이식 도 아깝네요 사실상
820,티빙결제해제할려면어디에다해제해야하나요
821,가격이 좀 비싸서 그렇지 좋음
822,이용권 있었는데 갑자기 이용권 또 없다고 해서 돈이 더 많이 나갔음^^ 이러면 이용권 어떻게 씁니까 지들 멋대로 끊는데
823,결제를 했는데 왜 미리보기만 됩니까 ㅡㅡ
824,"연구독을 결제하고 심슨 보려고 했는데 화면리 재생도 안되고, 다른 영상도 마찬가지네요. 나갔다가 들어와도 그렇고 참..ㅋㅋ"
825,쓰레기 같다 탈퇴가 안되게 되어있다
826,어플쓰레기.....tv에서볼때는. 더더욱최악... 무슨생각으로 방치하는지모르겠음
827,정기구독4회선짜리 신청했는데 적용이 안되서 2회선짜리 또 신청했습니다 중복결제된거같은데 2회선짜리 취소해주시고 4회선짜리 적용좀 해주세요 앱 안정성 개판이네요
828,스탠다드 이용권 구매했는데 왜 사용이 바로 안되나요? 현재 보유한 이용권이 없다고 뜨네여;;
829,아니 왜 그래요 진짜 내가 좋아하는 작품 볼라고 들어가서 처음으로 결제 했는데 1개월 베이직 결제 하고 나서 갑자기 오류 뜨면서 돈은 나가고 결지 내역은 뜨는데 구매하신 이용권은 없다 그러고 아 돈 나갔고 영수증 떴으니까 볼 수 있겠다 이러고 딱 들어가서 볼려고 했는데 미리보기로 뜨고 사용권 구매하라고 뜨고 뭐지 이래서 베이직 1개월 다시 눌렀는데 오류 뜨고 돈은 못 찾고 9천원 날림 구글에 정기구독 되어있는 걸로 뜨는데 앱에서 안 보여준다고 오류라고 뜨면서 이거 어쩔거에요 웨이브 좀 어떻게 해봐요 이용권을 구매했는데 왜 다시 구매하라고 뜨고 돈은 나갔는데 왜 안 보여주냐고요 돈을 다시 환불 해 주던가 내가 작품을 볼 수 있게 해 주던가 제발
830,구독해야방송을볼수있네요
831,결제 안해도 실시간 방송은 볼 수 있게 해주시면 안될까요?ㅠㅡㅠ
832,개별구매했는데 1분미리보기뭐에요 이건아니지 와 진짜욕하고싶네
833,개별구매하고 그냥 요금제가 이용 가능한 것하고 19와 19아닌것을 제발 구별 좀 해놓으세요
834,이벤트접수도 제대로 안되는 ㅉㅉ.
835,웨이브 구독을 시작하면서부터 KBO중계는 웨이브로만 봤어요 여러구장 한번에 보기도 좋고 화면을 띄어놓고 다른 어플도 사용 할 수 있어서 최고에요!
836,정기적으로 이용하는건 웨이브 밖에 없어요. 예능을 좋아하는데 바로바로 볼수 있어서 좋아요.
837,개별구매가 왜 따로 있나요??돈 내고 보는데?? 개별구매 해ㅛ다고 평생 소장 하는것도 아니고 고작 7일?? 이러니 다른 어플보다 인가 없는거에요
838,왜 웨이브 신규가입했는데 한달100원 이벤트 안주죠..?? 9000원 결제 됐어요
839,구독해지 개같이도 처만들었네
840,주변은 밝은데 밝기조절을 마음대로하면 보지말라는건가요
841,요즘야구시즌이라야구도즐겨보고있구 화질도 좋네요 몇군데는 돈아까워서 해지했는데 웨이브는 못끊겠네요 앞으로도 잘볼께요~
842,결제했는데 시청이안돼요
843,환불 좀 해주세요..카톡으로한 거 다른 아이디로 옮겼는데.. 3번이나 결제를 해버렸네요..저도 등신이죠 첫 가격 그대로 6천원으로 가능할까요 환불 좀 해주세요.
844,구독한지 오래도었는데 이만한게없음
845,정기결재취소문의
846,결제정보가 잘못됐다고만 나오고 뭐 어쩌라는건지...
847,구독어디서하는데
848,환불을 정기결제 기간 끝나고 해준다는곳은 진짜 살다살다 처음보네 이용권 결제할때 구글인앱 결제 밖에 안떠서 그걸로 결제 했는데 내 잘못인가? 이용권 사용못하게 하고 환불처리 해주면 될것을 무슨 이 정책 저 정책 가져다 붙여가며 ㅉㅉ 한달뒤에 또 댁들이랑 이러고있을 생각하니 아주 어깨가 들썩들썩하네
849,결제를 했고 정기구독중이고 이번달만 연결시켜둔 계좌에 돈넣는거 까먹고 급히넣고 다시 결제해서 메일로도 영수증확인했는데.. 삭제하고 다시깔아도 안되네요 ㅋㅋ 환불해주세요..
850,결제가 이루어져도 이용권을 미구매자로 구분을 합니다. 그리고 자기들이 잘 못하고도 복잡하게 취소를 하도록 권유를 하더라구요. 한동안 드라마를 재미있게 볼때 사용했기에 정기적으로 금액이 나가도 신경을 안 썼는데. 이젠 돈이 나가도 구매한 적이 없다고 나몰라 잡아때는 모습을 보고 이용한 것이 정말 한탄스럽습니다. 다시는 이용할 생각이 없어집니다.
851,결제오류가 자꾸 뜨네요ㅡㅡ 카카오페이도 오류뜨면서 해결하려면 계정보안설정하라는데 뭘하라는건지 모르겠고 핸드폰결제로해도 똑같네요ㅡㅡ
852,해지가안되네요ㅡㅡㅋ
853,구독했다 바로 취소했는데 환불해주세요
854,결제했는데 왜 코인이 안들어오죠? 앱에서도 바로 환불 처리 기능에 제대로 되어 있지 않아 불편하네요 바로 피드백 주시죠
855,why not?
856,웨이브는 타 서비스에 비해 필요성을 느끼지 못했어서 이제야 깔았는데 생각보다 UI 사용경험이 좋네요 야구 자주 보는데 관심 설정하는 것도 그렇고 맞춤형으로 잘 되어잇어서 유용하고 작품도 생각보다 많아서 자주 이용할 것 같습니다 굳굳
857,정기결제해지방법점알려주세요
858,"개별 구매 왜 웹에서만 가능하게 만들어 놓은건지 모르겠네요……… 핸드폰으로는 영화 구매 못하네요. PC버전으로 들어가려고 해도 막히고 뭐 이럴거면 애초에 앱 결제 안된다고 크게 써놓던가 했으면 좋겠습니다. 
너무 불편하네요. 쿠팡말고는 ott 서비스가 없는 것도 아니고 널려있는데 말이죠.. 귀찮아서 다른 어플로 갈아타렵니다."
859,이벤트 때문에 시작하려고 어플 설치해서 가입해서 카드번호랑 전부 입력해서 결제 했더니 그냥 구글스토어로 결제 되버림 ㅡㅡ 퇄퇴도 안되고 너무 짜증남 어플자체가 그냥 구글스토어로 결제되버리게 되있음ㅡㅡ 환불해주세요 한번도 이용안했어요..
860,계속 영상 저장 화질 디폴트 값을 스탠다드로 설정해 놓는 건가요? 한국 사람들 고화질 아니면 안봅니다 제발 저장하고 다시 삭제하고 다시 까는 불상사 좀 없애주세요 제발 좀 ;;;
861,"제발 제발 자체 로고송 그만틀어요 글구 왜 그 노래 나올때만 음향이 겁나 커지는건지.. 갑자기 개 놀람 .. 틀꺼면 소리 작게해서 틀어요 어떤 아나운서 작사 , 코쿤 작곡.. 노래하는 여자 .. 노래도 못하고 목소리도 짜증남"
862,"패밀리가 떴다 전편 올려 주시고요, 런닝맨 1화부터 올려 주세요 런닝맨 최근 꺼는 쌉노잼이라 안 올려 주셔도 됩니다 ^^"
863,탈퇴를했는데 자꾸 구독료 나간다고 뜨네요 ㅠ 확인부탁드려요
864,"결제가 완료되었어요. - 구매처 : Google - 상품명 : wavve * 상세 항목은 '플레이스토어 > 계정 > 주문내역'에서 확인 가능합니다. - 결제일시 : 2023. 5. 26. 00:14 - 결제금액 : 12,500원 - 결제수단 : 카카오페이머니 - 잔액충전 : 12,500원 - 충전계좌 : 카카오뱅크***8583 - 가맹점 주문번호 : G3LtjroR1KStv5wLoVJGZDd ㅤ *해외결제 등록내역은 자동결제 메뉴에서 확인해주세요. 라고 알림 받았는데 막상 어플에 들어가면 이용권 미구매라고 뜨고 또 다시 결제 하려하니 이용중인 이용권 이라고 뜹니다. 이걸 환불 받으려면 어찌해야 하나요?"
865,어느순간부터 tv 웨이브가 첨엔 화질이 깨끗하게 나오다가 몇분 후에 저화질로 계속 바뀌는데 대체 왜이러는건지?솔직히 어플 보다 tv로 마니 보는 입장에선 짜증나고 답답함 tv를 바꾸라는건가요?
866,결제방법이 sk지원되면 생각해봄
867,정기결제 신청힌적이 없는데 결제 되었어요 화불 부탁드립니다
868,쓰레기같음
869,귀칼3기는?
870,구글인앱결제요금 낮추면 안될까요? 결제 9만원 비싸서 못 보겠어요 본 사람 없을듯!
871,"프리미엄 이용권 결제를 하였으나 이용권 미결제자로 되어있어 서비스 이용이 불가합니다,,"
872,정기구독 사도 모든영화 볼수있는거아님 따로 돈내야함
873,"2화를 다 보고 껐어요 다시 보려고 하면 3화가 나와야 정상인데 왜 1화가 나와요?
작은 화면일때 왜 다음화가 안넘어가요? 
개선이 안되나요?"
874,해지했는데 왜자꾸 자동 결재가 되는건지 고객센터는 연락도안돼고
